{"type": "FeatureCollection", "features": [{"type": "Feature", "id": 1, "geometry": {"type": "MultiLineString", "coordinates": [[[179.999947000393, 31.1864560001041], [156.660314999876, 31.1967320000581], [139.177905000228, 31.5225370003563], [136.874001000377, 34.3368310000206], [138.857984000355, 32.1120350001373], [142.657200000052, 33.3905270001996], [140.612475000163, 36.3834809996812], [142.427902999876, 35.0460739998437], [157.123204999936, 44.2519490002086], [179.999947000393, 44.2519490002086]], [[-179.999944999845, 44.2519490002086], [-139.250217999889, 44.2519490002086], [-125.895636999687, 48.410336999733], [-124.726205000203, 48.5281139998224], [-123.699936000175, 48.3033959999875], [-122.97913599985, 48.3380719997443], [-122.302183000308, 47.8863210000739], [-122.97913599985, 48.2660949998869], [-123.699936000175, 48.2312399997365], [-124.726205000203, 48.3840770001675], [-125.895833000404, 48.2659979997133], [-127.970245000086, 41.2275159997939], [-123.625424000157, 34.7396129999422], [-120.621519999904, 35.1209529999543], [-139.250217999889, 31.1864560001041], [-179.999944999845, 31.1864560001041]]]}, "properties": {"OBJECTID": 1, "cable_id": 1007, "Name": "Pacific Crossing-1 (PC-1)", "color": "#f89635", "length": "20,900 km", "rfs": "December 1999", "owners": "NTT", "url": "http://www.pc1.com", "Symbol": 5, "year": 1999}}, {"type": "Feature", "id": 2, "geometry": {"type": "MultiLineString", "coordinates": [[[174.767919000179, -36.7878090002913], [179.999947000393, -27.7737250002925]], [[151.196256000275, -33.9135729998122], [151.822623000367, -34.1859260000186], [173.865381000013, -36.9982920003509], [174.623388000393, -36.7875740001765]], [[-179.999944999845, -27.7866849998798], [-155.856358000412, 20.0037440003449], [-147.027800000402, 24.2722650000549], [-139.250217999889, 24.2722650000549], [-120.847203000437, 35.3670800000202]], [[179.999947000393, -16.5265480001224], [178.971041000341, -18.2699290000313], [178.386275999745, -18.0748010001594], [178.4811979997, -18.7627480003394], [151.273991000124, -33.7611570002597]], [[-155.822031999882, 20.0232889998379], [-158.130574999573, 21.3540729999842]], [[-158.130574999573, 21.3540729999842], [-179.999944999845, -16.5404969996108]], [[-123.811165999628, 45.8252930002042], [-139.250217999889, 43.5490079998652], [-147.027800000402, 43.5490079998652], [-158.130574999573, 21.3540729999842]]]}, "properties": {"OBJECTID": 2, "cable_id": 1009, "Name": "Southern Cross Cable Network (SCCN)", "color": "#4fc1af", "length": "30,500 km", "rfs": "November 2000", "owners": "Spark New Zealand,  SingTel Optus,  Verizon", "url": "http://www.southerncrosscables.com", "Symbol": 10, "year": 2000}}, {"type": "Feature", "id": 3, "geometry": {"type": "MultiLineString", "coordinates": [[[179.999947000393, 24.9801409998932], [138.963842999673, 31.3854140000604], [136.874001000377, 34.3368310000206], [138.709546000124, 33.2088360000183], [139.218920999919, 33.393299000214], [139.671850000409, 35.0012900000487], [139.816967000001, 35.0375189997326], [139.736108000055, 34.9899300001518], [139.736108000055, 34.751889999884], [140.384349999598, 34.751889999884], [141.1613020004, 35.487954000182], [140.750951000099, 36.801860999671], [157.211291000241, 39.9091389998615], [179.999947000393, 39.9125099998164]], [[-179.999944999845, 39.9091389998615], [-139.250217999889, 39.9091389998615], [-123.687044999778, 38.9694350002338], [-123.87308000005, 38.4660180001792], [-121.905796000281, 35.4854100000049], [-120.847203000437, 35.3670800000202], [-139.250217999889, 25.1602380000764], [-147.027800000402, 25.1602380000764], [-158.206014999704, 21.4605389998927], [-179.999944999845, 24.9761580003575]]]}, "properties": {"OBJECTID": 3, "cable_id": 1010, "Name": "Japan-U.S. Cable Network (JUS)", "color": "#b2703f", "length": "22,682 km", "rfs": "September 2001", "owners": "Verizon,  AT&T,  BT,  Sprint,  CenturyLink,  KDDI,  NTT,  Chunghwa Telecom,  Tata Communications,  SingTel,  Telekom Malaysia,  Softbank Telecom,  Orange,  Level 3,  SK Broadband,  KT,  China Telecom,  China Unicom,  LG Uplus,  New World Telecom,  Starhub,  PCCW,  Telstra,  Vodafone,  PLDT", "url": null, "Symbol": 4, "year": 2001}}, {"type": "Feature", "id": 4, "geometry": {"type": "MultiLineString", "coordinates": [[[100.362990999911, 5.35384299957042], [98.9633829996433, 6.61700900010332]], [[98.9633829996433, 6.61700900010332], [96.4360409996474, 8.8888619998405], [82.0536289998187, 4.65349999983216], [75.938496999582, 7.47889499973188], [72.3622300003077, 17.2855850003374], [72.7845930003983, 18.8230900002098], [72.8759019996361, 19.0760740002582], [72.6271710002156, 18.8583029998316], [70.9932860003482, 17.2388630001938], [64.1702440003583, 15.5288950002355]], [[39.1878390002804, 21.4840759998534], [38.0151840000665, 21.5670179997592]], [[38.0151840000665, 21.5670179997592], [41.8097130002433, 15.3829079998038], [42.5587349999473, 13.9526200003307], [43.6167429998106, 12.1697780003285], [43.752288999819, 12.1271980000886], [44.2859800001698, 11.2272830001534], [45.1920340000691, 11.0794449997136], [46.8492599996256, 11.1012949998859], [64.1702440003583, 15.5288950002355]], [[56.33372599993, 25.1216929997745], [61.9333310004378, 23.6523220002223], [64.1702440003583, 15.5288950002355]], [[34.6146979997939, 26.9007479997335], [38.0151840000665, 21.5670179997592]], [[127.497346999701, 29.2766139999738], [123.902817999895, 19.6185069998416], [118.623232000069, 20.5006829997113], [113.949114999603, 22.2714919997662], [108.95693099984, 8.03285999989804], [100.59971000044, 7.07591899959228], [100.386330999775, 6.82698100012749], [100.066116999999, 6.61351700022683], [99.6872109998058, 6.77355100006042], [99.5325229997324, 6.7536710000926], [98.9633829996433, 6.61700900010332]], [[35.0070810001897, 29.5319259998872], [34.7676279995512, 29.0890410002363], [34.5176280004344, 28.0163130003792], [34.6146979997939, 26.9007479997335]], [[32.5299339998312, 29.9725420001967], [32.6531759999718, 29.1136160000163], [33.7548349999015, 27.7781909997498], [34.6146979997939, 26.9007479997335]], [[138.872827000338, 30.2874990000456], [135.539822000441, 29.132042999685], [128.887873999932, 30.4172759999093], [128.933674000126, 32.3901959999126], [128.620783999896, 34.8807300002489], [128.740217000399, 32.42911000005], [127.497346999701, 29.2766139999738]], [[138.872827000338, 30.2874990000456], [139.255444000259, 35.2995209998996]], [[29.8935099997877, 31.1914690000251], [30.4428259997464, 30.6747170000288], [31.743411000345, 30.0719770002463], [32.5299339998312, 29.9725420001967]], [[29.8935099997877, 31.1914690000251], [30.4937049999973, 30.7569100000578], [31.7942899996975, 30.1547639996811], [32.5299339998312, 29.9725420001967]], [[121.472546999982, 31.2475069997016], [127.497346999701, 29.2766139999738]], [[139.620874000074, 35.1440340000954], [138.872827000338, 30.2874990000456]], [[-5.14586900027946, 36.4274170000945], [-4.89347699956346, 36.1482110001781]], [[-5.65451199978031, 50.0431510002542], [-12.4994290001197, 46.4163479997352], [-12.4994290001197, 38.8864750001195], [-11.6392730003243, 36.8769690003563], [-9.10001700044795, 35.7219439999555], [-5.3475779996648, 36.1560169996402], [-2.16896700011307, 36.1013559997177], [2.31198700035331, 37.9634520000122], [10.7269219998279, 38.0064779997848], [12.8366860000616, 38.5566460002526], [13.3586590003505, 38.1161230001781], [12.8183270003443, 38.4698410003068], [11.8902030001019, 38.2082629999283], [12.0194020001828, 37.4624610001969], [11.2429370003516, 36.6500139999332], [13.259927999861, 34.9700860003132], [28.8921439999467, 32.8081330003069], [29.8935099997877, 31.1914690000251]]]}, "properties": {"OBJECTID": 4, "cable_id": 1027, "Name": "FLAG Europe-Asia (FEA)", "color": "#6c70b5", "length": "28,000 km", "rfs": "November 1997", "owners": "Global Cloud Xchange", "url": "http://www.globalcloudxchange.com", "Symbol": 7, "year": 1997}}, {"type": "Feature", "id": 5, "geometry": {"type": "LineString", "coordinates": [[-73.6559769998107, 40.6006830001083], [-56.9968580002109, 35.3925589998137], [-20.0237400002075, 43.1399379997743], [-3.63664199966375, 49.1556479997836], [-2.76779499981883, 48.5349359997934], [-3.51754999964176, 49.3690160000428], [-5.67492199971661, 50.0639359998598], [-20.0237400002075, 46.0192070001113], [-56.9968580002109, 38.620840999731], [-71.6786839998925, 41.0970170001904], [-72.165646000111, 41.2176000001799], [-72.3658409995778, 41.2176000001799], [-72.8207729997075, 41.1463799999495], [-73.1944049998505, 41.0224989997829], [-73.344111999777, 40.9094550001093]]}, "properties": {"OBJECTID": 5, "cable_id": 1028, "Name": "FLAG Atlantic-1 (FA-1)", "color": "#f04230", "length": "14,500 km", "rfs": "June 2001", "owners": "Global Cloud Xchange", "url": "http://www.globalcloudxchange.com", "Symbol": 6, "year": 2001}}, {"type": "Feature", "id": 6, "geometry": {"type": "MultiLineString", "coordinates": [[[106.833397000398, -6.12896199998766], [106.516111999827, -5.15597800041916]], [[106.516111999827, -5.15597800041916], [105.839452000188, -5.85935100021999], [102.797950999893, -7.88684899958309], [112.097357999719, -31.9335510000183], [115.857316000041, -31.9534390003597]], [[104.768456999668, 0.127768000110374], [106.999901000443, -2.40394600003614], [106.999901000443, -4.57468399989861], [106.516111999827, -5.15597800041916]], [[104.768456999668, 0.127768000110374], [106.950681999701, 1.20433900024922]], [[106.950681999701, 1.20433900024922], [103.850683999882, 2.29570699985265]], [[106.950681999701, 1.20433900024922], [112.387005999995, 3.88367499996717], [112.799897000236, 5.45193999991356]], [[98.6759809995801, 3.75203399974194], [99.2299839999579, 4.56219399984223]], [[98.7639947214377, 4.94359860113004], [98.7639689999761, 4.943591999805]], [[98.7639947214377, 4.94359860113004], [103.009962000229, 1.46335000024796], [103.501759000107, 1.25335099987122], [103.646094999899, 1.33858299963515], [103.714454000158, 0.99510000019464], [103.796484999716, 0.940713999568784], [103.945898999739, 0.879197999926013], [104.187695999601, 0.56320800027834], [104.463183999784, 0.492313000413898], [104.768456999668, 0.127768000110374]], [[100.362990999911, 5.35384299957042], [98.7639947214377, 4.94359860113004]], [[112.799897000236, 5.45193999991356], [114.885636999992, 4.92676000037032]], [[112.799897000236, 5.45193999991356], [114.870110000294, 13.2303679999977]], [[98.12471200021, 5.46632799992657], [98.7639947214377, 4.94359860113004]], [[78.8559845642989, 5.55693508779296], [78.8559749999361, 5.55692299964712]], [[78.8559845642989, 5.55693508779296], [82.6625159999027, 3.91534000035686], [95.4006899997579, 7.68779399980883]], [[100.066116999999, 6.61351700022683], [99.8350620004052, 6.56394399996734], [99.7286170003826, 6.48428800026109], [99.5966830003675, 6.42975299961747], [98.12471200021, 5.46632799992657]], [[79.8668150001744, 6.83309000031746], [78.8559845642989, 5.55693508779296]], [[95.4006899997579, 7.68779399980883], [98.12471200021, 5.46632799992657]], [[76.2695510004347, 9.93838600014995], [74.7003140002008, 9.15091199973315]], [[43.1479929998946, 11.5948690002068], [43.8463320000645, 11.709928999788]], [[43.8463320000645, 11.709928999788], [44.0935979999703, 11.29356000036], [44.8632260003274, 11.3475670002665], [62.6914359998284, 16.0919110001777]], [[114.870110000294, 13.2303679999977], [114.970696000285, 13.6033019999776]], [[114.870110000294, 13.2303679999977], [108.192477999798, 16.043395000189]], [[114.970696000285, 13.6033019999776], [116.741104999604, 20.0535639997895]], [[121.066004000391, 13.7624229999801], [114.970696000285, 13.6033019999776]], [[62.6914359998284, 16.0919110001777], [68.1037370003681, 17.511473000017]], [[95.6821349998809, 16.2827620001483], [95.4006899997579, 7.68779399980883]], [[68.1037370003681, 17.511473000017], [70.2918210004318, 18.0821070003912], [72.8759019996361, 19.0760740002582], [72.7624250001459, 18.7680830002702], [71.8843010004455, 17.147156999922], [75.4344929999213, 7.02862299993796], [78.8559845642989, 5.55693508779296]], [[68.1037370003681, 17.511473000017], [67.0285420003993, 24.8897280000177]], [[116.741104999604, 20.0535639997895], [116.707869867341, 21.7889434882744]], [[38.2589340002384, 20.9130260000853], [38.2633246006312, 20.9157330492949]], [[38.2633246006312, 20.9157330492949], [42.359322000105, 14.2103570004327], [43.1058049996933, 12.9534799995651], [43.8463320000645, 11.709928999788]], [[38.2633246006312, 20.9157330492949], [39.1827610000491, 21.4815320001973]], [[120.775282000413, 21.1168609996449], [120.662195999837, 22.2492589999824]], [[120.775282000413, 21.1168609996449], [123.968638999864, 20.6388339999446], [125.059849000326, 23.5421589996628]], [[114.936809000146, 21.2504419998178], [116.741104999604, 20.0535639997895]], [[114.936809000146, 21.2504419998178], [114.183977999907, 22.2496199996262], [116.707869867341, 21.7889434882744]], [[118.628115000306, 21.4374520003499], [120.775282000413, 21.1168609996449]], [[116.707869867341, 21.7889434882744], [118.628115000306, 21.4374520003499]], [[116.707869867341, 21.7889434882744], [116.677530999673, 23.3550030001061], [118.628115000306, 21.4374520003499]], [[113.561127000447, 22.1564930002653], [114.936809000146, 21.2504419998178]], [[125.059849000326, 23.5421589996628], [121.801452999633, 24.8635039999662]], [[125.059849000326, 23.5421589996628], [126.065804999604, 26.1627259998763]], [[58.5911459998711, 23.6151040001502], [59.3330399998479, 23.8012650001373]], [[56.33372599993, 25.1216929997745], [60.7393869996804, 23.1790739996894], [62.6914359998284, 16.0919110001777]], [[126.065804999604, 26.1627259998763], [127.175961000312, 28.9871820002277]], [[127.680842999857, 26.2124139999416], [126.065804999604, 26.1627259998763]], [[127.175961000312, 28.9871820002277], [121.472546999982, 31.2475069997016]], [[127.175961000312, 28.9871820002277], [128.558771999564, 32.3846700002027], [128.620783999896, 34.8807300002489]], [[32.5428250002281, 29.9590900000038], [32.5303891115069, 29.9711260560305]], [[32.5303891115069, 29.9711260560305], [32.8533710003369, 28.9612100001884], [34.5148940003251, 26.7900909998498], [37.5126449999206, 22.1156960000718], [38.2633246006312, 20.9157330492949]], [[32.5303891115069, 29.9711260560305], [32.5256594312304, 29.9757032873742]], [[32.5256594312304, 29.9757032873742], [32.5299339998312, 29.9725420001967], [32.5303891115069, 29.9711260560305]], [[32.5256594312304, 29.9757032873742], [31.9978049999779, 30.485213999851], [30.6972200002776, 31.0853150003714], [29.8935099997877, 31.1914690000251]], [[29.8935099997877, 31.1914690000251], [30.646438999936, 31.0034030000052], [31.9470239996363, 30.4027059996621], [32.5256594312304, 29.9757032873742]], [[29.8935099997877, 31.1914690000251], [29.2130420003368, 33.024311000064]], [[29.2130420003368, 33.024311000064], [22.7317959996715, 33.9548699997925]], [[29.2130420003368, 33.024311000064], [28.551030999614, 36.2227739997734], [28.2535700000709, 36.8552489999296]], [[22.7317959996715, 33.9548699997925], [23.1057220004407, 35.4958259997722], [23.4773040001897, 35.7796409998087], [23.8554279998599, 35.7796409998087], [24.0121670001523, 35.5120439998601]], [[22.7317959996715, 33.9548699997925], [13.4441079997325, 35.270584000256], [12.0512380001029, 36.466301000092], [12.5913740002905, 37.6505839999484], [10.8121760001145, 37.793178999972], [2.3543689998251, 37.7487919999851], [-2.13161399957048, 35.9415710002896], [-5.39406300029792, 35.9583309997016], [-9.39542699977206, 36.2282100002562], [-9.10275099965899, 38.4430759997075], [-10.2558760003687, 38.6000849997532], [-10.5482579998556, 38.8864750001195], [-10.5482579998556, 45.1056479999485], [-4.33854599997131, 47.8110199997087], [-5.43209999965738, 48.8035150002259], [-5.17296900027497, 50.0225440002882], [0.354371000252412, 49.9748990002441], [2.21944628689344, 51.4750020169879]], [[32.4666529998032, 34.7665719996785], [29.2130420003368, 33.024311000064]], [[-5.39181600026027, 35.565920999714], [-4.5257529998551, 35.950742000206]], [[2.9127669996456, 51.2312220001872], [2.21944628689344, 51.4750020169879]], [[2.21944628689344, 51.4750020169879], [2.21228000007057, 51.4775149998069]], [[2.21944628689344, 51.4750020169879], [2.27399799977613, 51.5181570001189], [4.02175099984425, 53.8271379997361], [7.20182699980912, 53.5955989997421]]]}, "properties": {"OBJECTID": 6, "cable_id": 1031, "Name": "SeaMeWe-3", "color": "#548f51", "length": "39,000 km", "rfs": "September 1999", "owners": "Orange,  BT,  KDDI,  SingTel,  Telecom Italia Sparkle,  Telekom Malaysia,  OTEGLOBE,  AT&T,  Belgacom,  Communications Authority of Thailand,  China Telecom,  Deutsche Telekom,  Etisalat,  Telecom Egypt,  CTM,  PT Indonesia Satellite Corp.,  Jabatan Telecom Brunei,  KT,  Portugal Telecom,  Maroc Telecom,  PLDT,  Saudi Telecom,  Sri Lanka Telecom,  Turk Telekom,  Tata Communications,  Chunghwa Telecom,  Verizon,  KPN,  Telekom Austria,  SingTel Optus,  Telstra,  Vietnam Telecom International,  Omantel,  PCCW,  Pakistan Telecommunications Company Ltd.,  Cyta,  eircom,  LG Uplus,  Softbank Telecom,  Telkom South Africa,  Rostelecom,  Orange Polska,  SingTel Optus,  Telecom Argentina,  Myanmar Post and Telecommunication (MPT),  Sprint,  Vocus Communications,  Djibouti Telecom,  Embratel,  Vodafone", "url": "http://www.smw3.com", "Symbol": 12, "year": 1999}}, {"type": "Feature", "id": 7, "geometry": {"type": "MultiLineString", "coordinates": [[[103.646094999899, 1.33858299963515], [103.506837000338, 1.19730899958602], [102.991016999808, 1.36425900033045], [101.137503000331, 2.82564400026024], [102.220899999729, 2.27326400027697]], [[98.3336512276019, 5.03059722193952], [101.098245000057, 2.85490399968532]], [[98.3336512276019, 5.03059722193952], [98.3540079996626, 5.01626600020938], [99.8417030000606, 6.03823500016096], [99.9924839996896, 6.20553700019729], [100.057913999846, 6.35444300021643], [100.066116999999, 6.61351700022683]], [[98.3147510001125, 5.04545000031849], [98.3336512276019, 5.03059722193952]], [[79.8720880003994, 6.92703699974167], [78.8754090000792, 4.82118599984336]], [[90.5753029999419, 8.90671099962148], [93.1449300002236, 8.67074500035447], [98.3336512276019, 5.03059722193952]], [[64.6448530003052, 16.4177000004068], [64.6444659557752, 16.4190130680482]], [[64.6444659557752, 16.4190130680482], [68.7909429995589, 17.5341949996645]], [[64.6444659557752, 16.4190130680482], [62.3819640003205, 23.9233499998563], [56.33372599993, 25.1216929997745]], [[68.7909429995589, 17.5341949996645], [70.4798090001152, 17.9864629997073], [72.5406480002327, 18.8877810001508], [72.8759019996361, 19.0760740002582], [72.7222880001636, 18.8381560000097], [71.5527579998713, 16.9074620002049], [74.827267000069, 6.6960619998307], [81.7096840003657, 3.50497199985169], [83.1766750002011, 8.18512999987531], [80.2429860004332, 13.0638539996495], [82.6844880003365, 9.63033600017586], [90.5753029999419, 8.90671099962148]], [[68.7909429995589, 17.5341949996645], [67.0285420003993, 24.8897280000177]], [[91.9948330002494, 21.4292700000004], [90.5753029999419, 8.90671099962148]], [[29.8935099997877, 31.1914690000251], [30.5445840002482, 30.8392009999123], [31.8451689999484, 30.237481000185], [32.5428250002281, 29.9590900000038], [32.7379420003618, 28.9311299999875], [33.890968000439, 27.4968499997504], [37.8114729999675, 21.3767179999847], [39.1827610000491, 21.4815320001973], [38.3930159996586, 20.4443260000954], [41.5677210003875, 15.2697000000854], [42.4690870000428, 13.9838929998746], [43.5815860001504, 12.1477249997244], [43.5281679997838, 11.987574999658], [44.035785000161, 11.1333960001486], [44.8400820002818, 11.2224939995812], [64.2501259997874, 16.3126630001409], [64.6444619995947, 16.4190120004239], [64.6444659557752, 16.4190130680482]], [[29.8935099997877, 31.1914690000251], [30.5954629996008, 30.9212529997463], [31.8960480001993, 30.3202130001018], [32.5299339998312, 29.9725420001967]], [[7.75544000019957, 36.9028220001508], [8.50758799964997, 37.8911200001668]], [[9.86735199983839, 37.2768160002931], [9.70934499967465, 37.8956670001226]], [[8.50758799964997, 37.8911200001668], [9.70934499967465, 37.8956670001226]], [[9.70934499967465, 37.8956670001226], [10.8231130003768, 37.8999060000842], [12.2146160004009, 38.0938380000461]], [[12.2146160004009, 38.0938380000461], [12.3081709998514, 37.4085689998784], [12.1177410001368, 37.2073140001678], [11.5708670002094, 36.6298749999299], [13.3386390004016, 35.1356490002651], [29.063041999609, 32.9258379997827], [29.8935099997877, 31.1914690000251]], [[12.2146160004009, 38.0938380000461], [12.7568029999092, 38.2520660002949], [13.3586590003505, 38.1161230001781]], [[5.37253100008015, 43.2936270000004], [8.50758799964997, 37.8911200001668]]]}, "properties": {"OBJECTID": 7, "cable_id": 1035, "Name": "SeaMeWe-4", "color": "#f04230", "length": "20,000 km", "rfs": "December 2005", "owners": "Bangladesh Telegraph and Telephone Board (BTTB),  Orange,  SingTel,  Telecom Italia Sparkle,  Tata Communications,  PT Indonesia Satellite Corp.,  Telekom Malaysia,  Airtel (Bharti),  Sri Lanka Telecom,  Etisalat,  Saudi Telecom,  Communications Authority of Thailand,  Tunisia Telecom,  Verizon,  Pakistan Telecommunications Company Ltd.,  Telecom Egypt,  Telstra", "url": "http://www.seamewe4.com", "Symbol": 6, "year": 2005}}, {"type": "Feature", "id": 8, "geometry": {"type": "LineString", "coordinates": [[-74.3378129995904, 39.6038849997107], [-74.0845899997445, 39.6907340001966], [-73.9374710003375, 39.942240999844], [-74.0470899997871, 40.1234899999588], [-69.2932359996574, 40.2947990000728], [-56.9881670001614, 43.8312509999183], [-6.17345700023202, 59.8543699997807], [-1.13029600030837, 59.6645989998883], [6.49938600009943, 56.7815350001067], [8.32916999972503, 55.7516490002191], [7.20182699980912, 53.5955989997421], [5.22897699991251, 53.6622839998157], [3.94743499964477, 52.9393339999239], [4.39665300040677, 52.2051770000763], [3.01540399985625, 52.0441370000483], [1.47770999963952, 50.784262999735], [0.708472000168056, 49.8605209997886], [-2.38566599979495, 49.8514549998278], [-5.72453100044637, 49.6591529998526], [-6.12018500035365, 49.9551740000139], [-4.54440500037365, 50.8282030001144], [-20.0237400002075, 43.8732219997156], [-56.9968580002109, 36.2126099997398], [-74.3378129995904, 39.6038849997107]]}, "properties": {"OBJECTID": 8, "cable_id": 1043, "Name": "TAT-14", "color": "#91a34b", "length": "15,295 km", "rfs": "April 2001", "owners": "BT,  Verizon,  Deutsche Telekom,  Orange,  Sprint,  TeliaSonera,  Level 3,  KPN,  Telenor,  Etisalat,  OTEGLOBE,  SingTel,  KDDI,  Softbank Telecom,  Zayo Group,  Portugal Telecom,  Slovak Telekom,  TDC,  Telus,  Tata Communications,  Telefonica,  AT&T,  Belgacom,  Elisa Corporation,  Cyta,  Rostelecom,  Vodafone", "url": "https://www.tat-14.com", "Symbol": 2, "year": 2001}}, {"type": "Feature", "id": 9, "geometry": {"type": "MultiLineString", "coordinates": [[[-32.6113280004274, -4.69275399979284], [-32.6113280004274, -11.671896999754], [-41.3647890004383, -23.1696739996988], [-53.334408999639, -37.3538079998213], [-56.6954419996445, -36.4709590002291]], [[-32.6113280004274, -4.69275399979284], [-21.0748129997892, 14.8885660001736]], [[-38.5429650003327, -3.71873699985809], [-34.1297840003197, -3.47332300027546], [-32.6113280004274, -4.69275399979284]], [[-21.0748129997892, 14.8885660001736], [-17.4457139999543, 14.6865979997627]], [[-21.0748129997892, 14.8885660001736], [-21.0723719995829, 20.2672539999872], [-15.7166629997351, 27.2606319996868], [-16.1896599998542, 27.8442690003327], [-15.4252570000415, 29.0849449998393]], [[-23.5056219998278, 14.9353719999178], [-21.0748129997892, 14.8885660001736]], [[-16.5385860003525, 28.0467419999777], [-15.4252570000415, 29.0849449998393]], [[-15.4252570000415, 29.0849449998393], [-9.14806399978192, 38.7238460002566]]]}, "properties": {"OBJECTID": 9, "cable_id": 1045, "Name": "Atlantis-2", "color": "#f04230", "length": "8,500 km", "rfs": "February 2000", "owners": "Embratel,  Deutsche Telekom,  Telecom Italia Sparkle,  Telecom Argentina,  Telefonica,  Portugal Telecom,  Orange,  Telefónica Larga Distancia de Puerto Rico,  AT&T,  Belgacom,  KT,  SingTel,  Sprint,  Tata Communications,  Verizon,  BT", "url": null, "Symbol": 6, "year": 2000}}, {"type": "Feature", "id": 10, "geometry": {"type": "MultiLineString", "coordinates": [[[-80.1601719996297, 26.010552999829], [-73.1583209999025, 31.5400999998756], [-57.4456860000873, 31.5400999998756], [-30.9913590002557, 35.8714899997333], [-6.1834660003816, 35.916583000346]], [[-10.849234000206, 35.9081989999278], [-9.14806399978192, 38.7238460002566]], [[-6.1834660003816, 35.916583000346], [-5.32042999998872, 35.9182439997828], [-2.10915300031346, 35.7867710002301], [2.38806099997056, 37.5976789999667], [10.8454770004477, 37.6776409998843], [12.5913740002905, 37.6505839999484]], [[-6.08712800041791, 36.2767209996864], [-6.1834660003816, 35.916583000346]], [[-25.6687059996205, 37.7396029999395], [-26.1797900002261, 35.8802729998535]]]}, "properties": {"OBJECTID": 10, "cable_id": 1046, "Name": "Columbus-III", "color": "#958047", "length": "9,833 km", "rfs": "December 1999", "owners": "Telecom Italia Sparkle,  AT&T,  Verizon,  Telefonica,  Portugal Telecom,  CANTV,  Tata Communications,  Ukrtelecom,  Telkom South Africa,  Telecom Argentina,  Instituto Costarricense de Electricidad,  Embratel", "url": null, "Symbol": 21, "year": 1999}}, {"type": "Feature", "id": 11, "geometry": {"type": "MultiLineString", "coordinates": [[[113.80946600023, 12.7051509996771], [113.809759000133, 12.7063889999787], [113.810735999751, 12.7099139995732], [113.812298000249, 12.7158210001305], [113.814447000377, 12.7241079996162], [113.817180999588, 12.7345860002263], [113.820501000402, 12.7473499999601], [113.824505000032, 12.7623040002781], [113.828998000282, 12.7794470004073], [113.834075999615, 12.7986840000552], [113.839739999653, 12.8202050003811], [113.845891999587, 12.8438190002788], [113.852630000225, 12.8694299999823], [113.859856999686, 12.8971319996312], [113.867669000027, 12.9268309999585], [113.876067999998, 12.9585239997886], [113.884856999957, 12.9922119996955], [113.894231999722, 13.0277020002381], [113.903997000372, 13.0651860001715], [113.914348999755, 13.1045659998974], [113.925188999933, 13.1458410003155], [113.936517000008, 13.1888209999519], [113.948332999979, 13.2335050001837], [113.960539999762, 13.2800809997076], [113.973236000165, 13.3283589997091], [113.986418999742, 13.3783380000158], [113.999895999945, 13.4299209999856], [114.013958000129, 13.4832019996884], [114.028411000125, 13.5379899996147], [114.043254999933, 13.5944740002963], [114.058489999554, 13.6524630001712], [114.07411500006, 13.7119560002847], [114.090227999564, 13.7729519998832], [114.10663399987, 13.8353529995943], [114.123430999988, 13.899255000064], [114.140618000094, 13.9645609999886], [114.158196000011, 14.03117500023], [114.176067999657, 14.099095000394], [114.194329000363, 14.1684149996118], [114.212981999808, 14.2390399998802], [114.23192700023, 14.310871999593], [114.251067999572, 14.3839110002407], [114.270695999884, 14.4581559998195], [114.290520999839, 14.5336050000409], [114.310734999957, 14.6101620002571], [114.331242999802, 14.6878259998526], [114.352044000449, 14.7665949995712], [114.373040000191, 14.8463749997194], [114.394328999836, 14.9271630001157], [114.437785999734, 15.0916639999493]], [[114.437785999734, 15.0916639999493], [121.066004000391, 13.7624229999801], [113.80946600023, 12.7051509996771]], [[116.081521125506, 21.1978814851432], [114.437785999734, 15.0916639999493]], [[116.081521125506, 21.1978814851432], [113.949114999603, 22.2714919997662], [109.473825000072, 7.00739600000175], [103.322656999568, 3.81517699968522], [104.079590000245, 3.89760799967268], [104.679003999757, 2.36078999989798], [104.385351999851, 1.35967099990715], [104.196973000355, 1.31573800027829], [103.895020000387, 1.30948900016652], [104.159179999596, 1.21107599984523], [104.338086000316, 1.22874699993977], [111.489546000061, 3.72845199977695], [113.80946600023, 12.7051509996771]], [[125.317720956041, 26.145309427099], [121.462586000411, 25.1817150000952], [122.188756999973, 25.2034529999529], [124.823325999616, 24.414710999846], [123.215709999716, 20.9704849998873], [118.669033000088, 21.6117840002715], [116.677530999673, 23.3550030001061], [116.081521125506, 21.1978814851432]], [[125.317720956041, 26.145309427099], [126.470003999971, 24.4840529996561], [124.208775000393, 19.1350389998125], [118.152529999668, 20.1476570000332], [116.081521125506, 21.1978814851432]], [[129.597443000267, 30.9719250000136], [128.582796000042, 31.1576289999341]], [[128.582796000042, 31.1576289999341], [121.395300999855, 31.6198000003291], [125.317720956041, 26.145309427099]], [[128.582796000042, 31.1576289999341], [128.999495000095, 35.1703820000544], [129.597443000267, 30.9719250000136]], [[139.587028123011, 31.2970476706463], [135.509353000126, 29.8831690000712], [129.597443000267, 30.9719250000136]], [[139.587028123011, 31.2970476706463], [139.459155000357, 29.9823550003527], [135.540994000053, 28.6618970000108], [125.317720956041, 26.145309427099]], [[139.587028123011, 31.2970476706463], [139.954857999956, 34.9765679998755], [140.209936000202, 34.8945879996555], [141.03259200004, 35.6166660000229], [140.750951000099, 36.801860999671], [144.744503000131, 33.0553380002455], [139.587028123011, 31.2970476706463]]]}, "properties": {"OBJECTID": 11, "cable_id": 1049, "Name": "APCN-2", "color": "#0982c5", "length": "19,000 km", "rfs": "December 2001", "owners": "SingTel,  Verizon,  KDDI,  Chunghwa Telecom,  AT&T,  BT,  Orange,  Softbank Telecom,  NTT,  Tata Communications,  Telekom Malaysia,  Starhub,  PLDT,  China Unicom,  KT,  SingTel Optus,  Telstra,  PCCW,  China Telecom,  LG Uplus,  New World Telecom,  Vodafone", "url": null, "Symbol": 13, "year": 2001}}, {"type": "Feature", "id": 12, "geometry": {"type": "LineString", "coordinates": [[8.48375999988911, 44.305750000274], [8.52467799967103, 42.9964700001001], [2.16872500026373, 41.3856390003175]]}, "properties": {"OBJECTID": 12, "cable_id": 1053, "Name": "BARSAV", "color": "#4fc1af", "length": "760 km", "rfs": "1996", "owners": "Telefonica,  Telecom Italia Sparkle", "url": null, "Symbol": 10, "year": 1996}}, {"type": "Feature", "id": 13, "geometry": {"type": "LineString", "coordinates": [[-6.59650300021289, 52.1792860000926], [-6.13922799978613, 50.6517620000261], [-5.70534199962739, 50.0833029997285]]}, "properties": {"OBJECTID": 13, "cable_id": 1054, "Name": "Celtic", "color": "#38bced", "length": "275 km", "rfs": "August 1994", "owners": "BT,  eircom,  Orange", "url": null, "Symbol": 9, "year": 1994}}, {"type": "Feature", "id": 14, "geometry": {"type": "MultiLineString", "coordinates": [[[34.7696789997702, 32.0450100001424], [31.3678250000672, 32.8468660003598]], [[12.5913740002905, 37.6505839999484], [12.3493820004346, 36.4689719998623], [13.5677399998605, 35.4225660000709], [31.379251000051, 32.8468660003598], [32.4666529998032, 34.7665719996785]]]}, "properties": {"OBJECTID": 14, "cable_id": 1065, "Name": "Lev Submarine System", "color": "#f89635", "length": "2,600 km", "rfs": "March 1999", "owners": "Telecom Italia Sparkle", "url": "http://www.mednautilus.com", "Symbol": 5, "year": 1999}}, {"type": "Feature", "id": 15, "geometry": {"type": "LineString", "coordinates": [[-76.7920589995776, 17.9924069999985], [-78.5111009996472, 17.4396550001702], [-79.8776519999792, 19.6904250004178], [-79.9856600003242, 19.280653999917], [-80.842691000198, 18.9749820000494], [-81.1667630000151, 19.2829579996917]]}, "properties": {"OBJECTID": 15, "cable_id": 1068, "Name": "Cayman-Jamaica Fiber System", "color": "#f89635", "length": "870 km", "rfs": "June 1997", "owners": "C&W Networks", "url": null, "Symbol": 5, "year": 1997}}, {"type": "Feature", "id": 16, "geometry": {"type": "LineString", "coordinates": [[-80.3942540001339, 27.6387359996426], [-78.8020179996193, 26.5396260001159], [-77.3402029999245, 25.067215000301]]}, "properties": {"OBJECTID": 16, "cable_id": 1069, "Name": "Bahamas 2", "color": "#91a34b", "length": "470 km", "rfs": "June 1997", "owners": "AT&T,  Telefonica,  Verizon", "url": null, "Symbol": 2, "year": 1997}}, {"type": "Feature", "id": 17, "geometry": {"type": "LineString", "coordinates": [[-73.4771200003929, 34.8312860001147], [-80.1601719996297, 26.010552999829], [-71.8080289995632, 30.6120389997119], [-64.8192650000516, 17.773909999653], [-72.9122760000124, 40.7735179997348], [-73.4771200003929, 34.8312860001147]]}, "properties": {"OBJECTID": 17, "cable_id": 1070, "Name": "Mid-Atlantic Crossing (MAC)", "color": "#f37380", "length": "7,500 km", "rfs": "June 2000", "owners": "Level 3", "url": "http://www.level3.com", "Symbol": 14, "year": 2000}}, {"type": "Feature", "id": 18, "geometry": {"type": "MultiLineString", "coordinates": [[[-79.7535310001297, 9.43762499961785], [-77.9508469996014, 11.8679490000848]], [[-83.0376600003146, 9.98859399964471], [-79.9397129998165, 13.9643710003121]], [[-77.9508469996014, 11.8679490000848], [-75.5586609996265, 9.49638399994144]], [[-79.9397129998165, 13.9643710003121], [-77.9508469996014, 11.8679490000848]], [[-87.9461530001138, 15.8449860003078], [-84.7820919997442, 19.0193959997393]], [[-83.0035780001818, 17.2036039999563], [-79.9397129998165, 13.9643710003121]], [[-83.0035780001818, 17.2036039999563], [-81.1667630000151, 19.2829579996917]], [[-84.7820919997442, 19.0193959997393], [-83.0035780001818, 17.2036039999563]], [[-86.7675889996403, 21.0957250000442], [-86.1079210001129, 21.3599839999958]], [[-86.1079210001129, 21.3599839999958], [-86.1079210001129, 20.3688159999396], [-84.7820919997442, 19.0193959997393]], [[-80.1601719996297, 26.010552999829], [-79.6481599998097, 24.6145420002919], [-81.0665190003302, 24.0750140000461], [-83.5111949996607, 24.0750140000461], [-86.1079210001129, 21.6689709998355], [-86.1079210001129, 21.3599839999958]]]}, "properties": {"OBJECTID": 18, "cable_id": 1071, "Name": "Maya-1", "color": "#f04230", "length": "4,400 km", "rfs": "October 2000", "owners": "Verizon,  Tata Communications,  AT&T,  Sprint,  Hondutel,  CANTV,  Telefonica,  BT,  Orbitel,  Telecom Italia Sparkle,  C&W Networks,  Entel Chile,  Telmex,  Embratel,  ETB,  Alestra,  Instituto Costarricense de Electricidad", "url": "http://www.maya-1.com", "Symbol": 6, "year": 2000}}, {"type": "Feature", "id": 19, "geometry": {"type": "MultiLineString", "coordinates": [[[-85.6208119995813, 7.37770099972526], [-81.4011860001029, 5.16936999995498], [-79.6248209997704, 7.96071699970023], [-79.5465489996211, 8.93411000012268]], [[-85.6208119995813, 7.37770099972526], [-84.4522100003, 9.52585599965732]], [[-108.879047999853, 19.2676559999135], [-85.6208119995813, 7.37770099972526]], [[-106.421871999938, 23.1997200003786], [-108.879047999853, 19.2676559999135]], [[-119.522985999896, 30.7895500002982], [-112.245549000077, 20.9310870003554], [-108.879047999853, 19.2676559999135]], [[-119.522985999896, 30.7895500002982], [-117.038222000089, 32.5310139999756]], [[-120.621519999904, 35.1209529999543], [-121.143102000381, 32.8642570000477], [-119.522985999896, 30.7895500002982]]]}, "properties": {"OBJECTID": 19, "cable_id": 1072, "Name": "Pan-American Crossing (PAC)", "color": "#ffd633", "length": "10,000 km", "rfs": "March 2000", "owners": "Level 3", "url": "http://www.level3.com", "Symbol": 18, "year": 2000}}, {"type": "Feature", "id": 20, "geometry": {"type": "MultiLineString", "coordinates": [[[-70.3067609996013, -18.4735439999527], [-79.0379069999451, -19.2596640003929], [-80.0448890001428, -14.4114659996128], [-76.874285000027, -12.2784199997457], [-80.6169580003349, -11.6075260003594], [-82.5157464523278, -2.13111741336211]], [[-80.914418999878, -2.27290300011698], [-82.5157464523278, -2.13111741336211]], [[-82.5157464523278, -2.13111741336211], [-82.515784999935, -2.13111400032968]], [[-82.5157464523278, -2.13111741336211], [-82.8020160002112, -0.690866999671831], [-78.1135420000091, 6.71594500000451], [-79.5366859999597, 8.96478600030911]], [[-70.0105699995793, 15.0327259999653], [-75.0441599999196, 12.642935000104], [-74.7797560003122, 10.9404500001076], [-75.9899109995852, 12.2192219997086], [-79.2286780001416, 10.6649520002866], [-79.8939119997969, 9.3562130004407]], [[-70.0105699995793, 15.0327259999653], [-69.8103740002876, 12.5061599995828], [-69.8785870000587, 12.4146180003456], [-69.9257060001783, 12.332298999803], [-70.1076890002409, 12.2742880003586], [-70.3896709997659, 12.0802199998632], [-70.2043190002826, 11.7087810001824]], [[-64.8824969996757, 17.4398419998222], [-70.0105699995793, 15.0327259999653]], [[-64.8824969996757, 17.4398419998222], [-64.972927000103, 17.6300820001108], [-64.972927000103, 17.773909999653], [-64.8192650000516, 17.773909999653]], [[-64.8824969996757, 17.4398419998222], [-64.2690209999802, 17.7257319998981], [-64.2690209999802, 18.0878619999032], [-64.9044210004289, 18.324511999925]]]}, "properties": {"OBJECTID": 20, "cable_id": 1073, "Name": "Pan American (PAN-AM)", "color": "#f4878f", "length": "7,050 km", "rfs": "February 1999", "owners": "AT&T,  Telefonica del Peru,  Softbank Telecom,  Telecom Italia Sparkle,  Sprint,  CANTV,  Tata Communications,  Telefónica de Argentina (Speedy),  Telstra,  Verizon,  Entel Chile,  Telecom Argentina,  Telconet,  Instituto Costarricense de Electricidad,  Corporacion Nacional de Telecommunicaciones,  C&W Networks,  Embratel", "url": null, "Symbol": 16, "year": 1999}}, {"type": "Feature", "id": 21, "geometry": {"type": "MultiLineString", "coordinates": [[[-38.5429650003327, -3.71873699985809], [-33.6743650001183, -1.33539100033742], [-30.6375019998392, -3.77788699977685], [-30.6375019998392, -12.2385300001307], [-39.5799270002251, -24.3038019995969], [-43.2095630003604, -22.9034840000527], [-40.3219190001112, -23.7263950003345], [-31.6244149996841, -11.9553140004318], [-31.6244149996841, -4.2354560000087], [-33.9020499995679, -2.40472699979239], [-38.5429650003327, -3.71873699985809]], [[-38.5429650003327, -3.71873699985809], [-36.0482400000564, 1.41775900000208], [-53.1625350001834, 19.1003449996831], [-64.7734149996282, 32.3196619999352], [-74.3378129995904, 39.6038849997107], [-72.4661830000703, 33.5999050002455], [-80.0889319998463, 26.3505859996049], [-74.1805369998959, 25.2277490002037], [-68.0728270000125, 19.0650910001277], [-68.1910880000062, 15.661520999633]], [[-68.1910880000062, 15.661520999633], [-74.6205759998134, 12.6131080001845], [-74.7797560003122, 10.9404500001076]], [[-68.1910880000062, 15.661520999633], [-66.9604249999894, 10.5995900002524], [-64.4791769999159, 11.519763999801], [-51.0864129998664, 11.519763999801], [-38.6851029995927, 0.192611999584809], [-38.5429650003327, -3.71873699985809]]]}, "properties": {"OBJECTID": 21, "cable_id": 1076, "Name": "GlobeNet", "color": "#b2703f", "length": "23,500 km", "rfs": "October 2000", "owners": "BTG Pactual", "url": "http://www.globenet.net", "Symbol": 4, "year": 2000}}, {"type": "Feature", "id": 22, "geometry": {"type": "LineString", "coordinates": [[-83.776820000182, 15.2613149998805], [-83.7553840002238, 16.249482000255], [-84.9710080004386, 16.249482000255], [-85.9546990002776, 15.9152449999891], [-86.5688589996883, 16.2345749996963], [-86.9386339996157, 16.2345749996963], [-87.9461530001138, 15.8449860003078], [-87.9484960004109, 16.2345749996963], [-88.5971289997667, 15.7272380003999], [-88.120762000402, 17.0748229996178], [-88.1821880000295, 17.4963850002291], [-87.700791000114, 17.7236859996559], [-87.0159769998275, 19.5521710002141], [-87.4635360000076, 20.2127360000112], [-86.7697369999437, 20.1974309995965], [-86.486045999608, 20.9278030003219], [-86.7675889996403, 21.0957250000442], [-86.5125110002922, 21.8024100000005], [-83.6677380001345, 24.4216470003416], [-81.1451320000632, 24.4216470003416], [-80.1573890000148, 24.7957030003934], [-80.1622220000238, 25.9332070000476], [-77.3402029999245, 25.067215000301], [-75.5258980003169, 24.4033289996004], [-74.6160840002863, 23.7394200000797], [-74.4872750001928, 22.5433330001322], [-74.3657910003683, 22.4711590002033], [-74.1950390002958, 22.6298919996597], [-74.0708210003619, 22.653055999777], [-73.9741899995969, 22.7444090002604], [-73.6731649997411, 22.7872720000743], [-72.9153530002534, 22.6113230002057], [-72.1194059997003, 21.8510919996015], [-71.7246799999057, 21.6767759999024], [-70.6911840004167, 19.7994360001768], [-70.1568100001757, 20.1261100004199], [-68.8204340004304, 19.2809300003843], [-68.4381589999183, 18.6213720003449], [-67.5220459996407, 19.2896869999296], [-66.0168710001327, 18.4418350000408], [-67.5693110002485, 18.959558999603], [-69.8122790000185, 13.5909620000982], [-68.892650000007, 12.0904369996532], [-70.1281960002616, 12.3550040001552], [-70.5138889996998, 12.1126860001886], [-70.2043190002826, 11.7087810001824], [-70.393332999988, 11.7087810001824], [-71.7601289996441, 13.2471939996127], [-73.0085649995723, 12.5791800001643], [-72.9527059998977, 11.4831119997801], [-73.8619829996278, 12.12156500013], [-75.7179390000346, 11.1237180002199], [-75.5057319998798, 10.3868030001093], [-79.4446450004277, 10.0411009997349], [-79.7535310001297, 9.43762499961785], [-79.7534829995508, 10.0635059997383], [-82.5422499997208, 10.0635059997383], [-83.0376600003146, 9.98859399964471], [-83.0296520001553, 11.452102999576], [-83.7715460001321, 11.9916820000908], [-83.0296520001553, 12.4094679996665], [-83.0296520001553, 13.6153559998602], [-83.3964489995759, 14.0161099996755], [-83.0296520001553, 14.2530479999527], [-83.0296520001553, 15.3080389999333], [-83.776820000182, 15.2613149998805]]}, "properties": {"OBJECTID": 22, "cable_id": 1078, "Name": "ARCOS", "color": "#4fc1af", "length": "8,600 km", "rfs": "December 2001", "owners": "C&W Networks,  Axtel,  CANTV,  Codetel,  Hondutel,  Belize Telemedia,  Enitel,  AT&T,  Alestra,  Verizon,  RACSA,  United Telecommunication Services (UTS),  Telecarrier,  Tricom USA,  Telecomunicaciones Ultramarinas de Puerto Rico,  Internexa,  Orbinet Overseas,  Telepuerto San Isidro,  Bahamas Telecommunications Company,  Instituto Costarricense de Electricidad", "url": "http://www.cwnetworks.com/", "Symbol": 10, "year": 2001}}, {"type": "Feature", "id": 23, "geometry": {"type": "MultiLineString", "coordinates": [[[-70.9634499996952, 42.445224000243], [-64.3338159999267, 43.0081819999482], [-63.5724879998069, 44.6532310002536]], [[-63.5724879998069, 44.6532310002536], [-60.300664000213, 43.671649999683], [-56.9968580002109, 44.6202589997293], [-10.5084139997762, 59.2744790000771], [-6.05265600029778, 55.3331640000214]], [[-6.67619100037157, 55.1309309999374], [-6.05265600029778, 55.3331640000214]], [[-6.05265600029778, 55.3331640000214], [-4.83068400033047, 54.1772330000823], [-4.95509800008294, 53.9226230001194], [-3.00636899985015, 53.6479310001558], [-6.24830999983364, 53.3481260001914], [-5.39298799987212, 53.1638630000441], [-5.171358000272, 52.0346449997274], [-7.88327000012677, 50.9192530002419], [-20.0237400002075, 49.4179579998208], [-56.9968580002109, 42.4599949998201], [-63.5724879998069, 44.6532310002536]]]}, "properties": {"OBJECTID": 23, "cable_id": 1080, "Name": "Hibernia Atlantic", "color": "#895c3c", "length": "12,200 km", "rfs": "April 2001", "owners": "Hibernia Networks", "url": "http://www.hibernianetworks.com", "Symbol": 8, "year": 2001}}, {"type": "Feature", "id": 24, "geometry": {"type": "LineString", "coordinates": [[-72.9378620000893, 40.7558400003328], [-56.9968580002109, 37.8266630003054], [-20.0237400002075, 45.3128410000677], [-4.54440500037365, 50.8282030001144]]}, "properties": {"OBJECTID": 24, "cable_id": 1081, "Name": "Yellow", "color": "#ffd633", "length": "7,001 km", "rfs": "September 2000", "owners": "Level 3", "url": "http://www.level3.com", "Symbol": 18, "year": 2000}}, {"type": "Feature", "id": 25, "geometry": {"type": "MultiLineString", "coordinates": [[[-56.6954419996445, -36.4709590002291], [-50.4401239997343, -39.4332769999098], [-40.8318300003817, -28.093471999955], [-46.3280670002097, -23.9618450000981], [-44.5175210000102, -24.7955529999293]], [[-44.5175210000102, -24.7955529999293], [-43.2095630003604, -22.9034840000527]], [[-44.5175210000102, -24.7955529999293], [-39.2572220000135, -26.9674649999876], [-32.0476570003819, -17.4733140003439]], [[-32.0476570003819, -17.4733140003439], [-28.6636750003244, -12.8188060003455], [-28.6636750003244, -3.48774899975417], [-33.1863280003723, 0.151498000289988], [-38.5429650003327, -3.71873699985809], [-36.7112769999028, 1.10972899977689], [-54.9990080000433, 19.1003449996831], [-65.2007580000408, 19.1003449996831], [-66.1066660003502, 18.4661050003949]], [[-38.5044879998589, -12.9699729997316], [-32.0476570003819, -17.4733140003439]], [[-81.0537750002464, -4.15383899991571], [-81.6705220003517, -2.42629000042613]], [[-84.3326300003814, -2.96602099973521], [-83.965295999762, -4.7392759999062], [-82.3329730003922, -12.9199119999849], [-76.874285000027, -12.2784199997457], [-82.1422499998763, -13.8532079999192], [-80.8492339999441, -20.0722140001575], [-70.3067609996013, -18.4735439999527], [-80.658559999832, -20.9703300001623], [-77.8143730003786, -33.633922999999], [-71.6204319996921, -33.0455399998903]], [[-80.914418999878, -2.27290300011698], [-84.3326300003814, -2.96602099973521]], [[-90.8222249998911, 13.9348009996769], [-92.9320860002092, 10.0681210003311], [-86.2321399998717, 6.5790780002064], [-84.3326300003814, -2.96602099973521]], [[-66.1066660003502, 18.4661050003949], [-67.4417730003993, 18.7684529995962], [-74.1470899999728, 12.4169070001234], [-74.7797560003122, 10.9404500001076]], [[-66.1066660003502, 18.4661050003949], [-74.3634470002463, 28.3747869999479], [-80.0889319998463, 26.3505859996049], [-79.9103669996082, 24.7022279999479], [-81.107582999702, 24.2484039996137], [-83.5894659999851, 24.2484039996137], [-86.2969840002221, 21.7421010001018], [-86.2969840002221, 20.3688159999396], [-87.4913189998935, 17.7512179996799], [-88.5971289997667, 15.7272380003999]]]}, "properties": {"OBJECTID": 25, "cable_id": 1083, "Name": "South America-1 (SAm-1)", "color": "#8dc851", "length": "25,000 km", "rfs": "March 2001", "owners": "Telefonica", "url": "http://www.globalsolutions.telefonica.com", "Symbol": 11, "year": 2001}}, {"type": "Feature", "id": 26, "geometry": {"type": "MultiLineString", "coordinates": [[[-56.6954419996445, -36.4709590002291], [-50.9532589996606, -38.6862219997557], [-41.9062439996526, -27.9473480003072], [-46.3280670002097, -23.9618450000981], [-44.5952070003537, -24.2611629998334], [-43.2095630003604, -22.9034840000527], [-38.8743609996955, -24.9367859998437], [-29.6505880001693, -12.5214430001709], [-29.6505880001693, -3.32017400039825], [-33.4466789999454, -0.265491999891309], [-38.5429650003327, -3.71873699985809], [-37.9448699998476, 0.536647000445039], [-56.2396319996308, 17.4465490000178], [-63.4723420000313, 17.8312789997142], [-64.6030049998625, 17.9812610001115], [-64.8192650000516, 17.773909999653], [-64.9914320003084, 17.8312789997142], [-69.6164780001695, 15.6009560001095]], [[-71.6204319996921, -33.0455399998903], [-76.9563649999883, -33.074022999721], [-81.0936179996025, -14.1325560004073], [-76.874285000027, -12.2784199997457], [-81.4749659998268, -12.2645830002269], [-83.8325809999474, -0.493026000132961], [-81.0214020000259, 3.9511920001454], [-79.9154449998396, 5.6945380001836]], [[-77.0403010001749, 3.88367499996717], [-79.9154449998396, 5.6945380001836]], [[-79.9154449998396, 5.6945380001836], [-78.9337569996407, 7.2376369996781], [-79.5465489996211, 8.93411000012268]], [[-67.0339109999855, 10.6081330004095], [-69.6164780001695, 15.6009560001095]], [[-69.6164780001695, 15.6009560001095], [-79.3766760001558, 10.8172169996795], [-79.9002600004477, 9.35380399992786]]]}, "properties": {"OBJECTID": 26, "cable_id": 1084, "Name": "South American Crossing (SAC)/Latin American Nautilus (LAN)", "color": "#0982c5", "length": "20,000 km", "rfs": "September 2000", "owners": "Level 3,  Telecom Italia Sparkle", "url": "http://www.level3.com", "Symbol": 13, "year": 2000}}, {"type": "Feature", "id": 27, "geometry": {"type": "LineString", "coordinates": [[-3.05075399986038, 53.8089769997826], [-6.24830999983364, 53.3481260001914]]}, "properties": {"OBJECTID": 27, "cable_id": 1092, "Name": "Sirius South", "color": "#f04230", "length": "219 km", "rfs": "1999", "owners": "Virgin Media Business", "url": null, "Symbol": 6, "year": 1999}}, {"type": "Feature", "id": 28, "geometry": {"type": "MultiLineString", "coordinates": [[[158.127108473655, -31.464350545504], [158.122423000372, -31.4834289996635], [151.228483000007, -33.8820420001482], [151.705240000257, -33.5460660002009], [151.245084000306, -33.7371230003084], [151.495279000315, -33.4297620000465], [158.127108473655, -31.464350545504]], [[158.127108473655, -31.464350545504], [158.154064000298, -31.4562749998558]], [[158.127108473655, -31.464350545504], [162.893708999931, -10.3628179996637], [148.398016000431, 14.2030680001091], [148.398211000424, 25.634761000169], [144.663839000179, 30.6248969999524], [139.816967000001, 35.0375189997326], [139.644311000022, 35.0597440001556], [139.18103000015, 34.0830830001434], [138.133570000386, 33.7692510002357], [136.874001000377, 34.3368310000206], [138.927906000038, 30.4899269996639], [148.337663999607, 25.6897759996168]], [[148.372038999643, 14.2283430002791], [145.428487000214, 13.7123360001664], [144.809541999576, 13.5490979998212], [145.204854000075, 13.5814700001975], [144.800361999805, 13.5136829996728], [145.459150999624, 13.5080809996149], [148.380827999602, 14.186026000297]]]}, "properties": {"OBJECTID": 28, "cable_id": 1102, "Name": "Australia-Japan Cable (AJC)", "color": "#bd75b1", "length": "12,700 km", "rfs": "December 2001", "owners": "Softbank Telecom,  NTT,  Telstra,  Verizon,  AT&T", "url": "http://www.ajcable.com", "Symbol": 3, "year": 2001}}, {"type": "Feature", "id": 29, "geometry": {"type": "LineString", "coordinates": [[-4.33854599997131, 47.8110199997087], [-9.98097300016696, 44.8698149996974], [-9.98102199967247, 38.8864750001195], [-9.10275099965899, 38.4430759997075]]}, "properties": {"OBJECTID": 29, "cable_id": 1128, "Name": "TAGIDE 2", "color": "#f04230", "length": "1,586 km", "rfs": "1996", "owners": "AT&T", "url": null, "Symbol": 6, "year": 1996}}, {"type": "Feature", "id": 30, "geometry": {"type": "LineString", "coordinates": [[-54.9420739999429, -34.9225620001313], [-55.306770999639, -35.3676610000733], [-56.1834800000533, -36.1413739996799], [-56.6954419996445, -36.4709590002291]]}, "properties": {"OBJECTID": 30, "cable_id": 1132, "Name": "Unisur", "color": "#6c70b5", "length": "265 km", "rfs": "March 1995", "owners": "Telefonica,  Antel Uruguay", "url": null, "Symbol": 7, "year": 1995}}, {"type": "Feature", "id": 31, "geometry": {"type": "LineString", "coordinates": [[151.228483000007, -33.8820420001482], [151.822623000367, -34.3653960002601], [173.865381000013, -37.1715510002469], [174.770458000295, -36.8841800001098]]}, "properties": {"OBJECTID": 31, "cable_id": 1135, "Name": "Tasman-2", "color": "#bd75b1", "length": "2,400 km", "rfs": "1992", "owners": "REACH,  Spark New Zealand,  Telstra,  PCCW", "url": null, "Symbol": 3, "year": 1992}}, {"type": "Feature", "id": 32, "geometry": {"type": "LineString", "coordinates": [[1.72927200015213, 52.4688259999811], [2.21882299981671, 52.5971690001591], [3.76491500018003, 52.5848289999055], [4.52419200008082, 52.3636680000677]]}, "properties": {"OBJECTID": 32, "cable_id": 1137, "Name": "Circe North", "color": "#8dc851", "length": "203 km", "rfs": "February 1999", "owners": "VTLWavenet,  euNetworks", "url": null, "Symbol": 11, "year": 1999}}, {"type": "Feature", "id": 33, "geometry": {"type": "LineString", "coordinates": [[-72.9122760000124, 40.7735179997348], [-56.9968580002109, 37.0240010003537], [-20.0237400002075, 44.5973850001151], [-5.69845699957452, 50.0786970000717], [-5.53634799987102, 49.8614020000419], [0.226147999964805, 50.1768309997273], [1.34899900035362, 50.7680530001871], [3.67409499976543, 52.260441000058], [4.65680899998624, 52.4864019999168], [3.7683330000046, 52.8542659998409], [3.95446600018583, 53.2772369997836], [4.96120399998607, 53.634846999988], [8.38336899989117, 54.8984210001449], [7.04059699981449, 55.0078869999121], [-1.160276999828, 59.4177749999665], [-5.12013699971435, 59.5752809998926], [-56.9968580002109, 43.0354550002504], [-68.9275139997643, 40.8318420003045], [-72.9122760000124, 40.7735179997348]]}, "properties": {"OBJECTID": 33, "cable_id": 1143, "Name": "Atlantic Crossing-1 (AC-1)", "color": "#f4878f", "length": "14,301 km", "rfs": "May 1998", "owners": "Level 3", "url": "http://www.level3.com", "Symbol": 16, "year": 1998}}, {"type": "Feature", "id": 34, "geometry": {"type": "MultiLineString", "coordinates": [[[144.786494999615, 13.4464479998916], [145.791377000088, 22.5381010002739]], [[120.324602588007, 21.5201569339842], [120.324598000311, 21.5201470001078]], [[120.324602588007, 21.5201569339842], [123.089927999634, 21.1386319996397], [126.983578000288, 29.670669999849], [121.395300999855, 31.6198000003291], [129.293634999898, 29.5765249998144]], [[120.662195999837, 22.2492589999824], [120.324602588007, 21.5201569339842]], [[145.791377000088, 22.5381010002739], [129.713653999866, 20.0663149997974], [129.049689999732, 19.6872990001405], [118.516689000137, 21.2867529996738], [116.677530999673, 23.3550030001061], [118.983583999652, 21.704815000148], [120.324602588007, 21.5201569339842]], [[127.680842999857, 26.2124139999416], [129.670587999781, 20.0424640000786]], [[144.041182999814, 29.201114999638], [139.951147000228, 34.9765679998755]], [[129.293634999898, 29.5765249998144], [140.317162000024, 26.6539300001551], [151.713053000423, 34.2236190003494], [157.268322000426, 40.6563440002241], [179.999947000393, 40.6538250000817]], [[179.999947000393, 30.3583080002335], [157.198204999851, 30.3468469996212], [145.791377000088, 22.5381010002739]], [[128.999495000095, 35.1703820000544], [129.293634999898, 29.5765249998144]], [[-179.999944999845, 40.6538250000817], [-139.250217999889, 40.6538250000817], [-124.408333999825, 43.1186639999569], [-126.883624999958, 41.2465360003059], [-122.80325700004, 35.1717389998619], [-120.662535999595, 35.285572000213], [-139.250217999889, 30.3468469996212], [-179.999944999845, 30.3468469996212]]]}, "properties": {"OBJECTID": 34, "cable_id": 1146, "Name": "China-U.S. Cable Network (CHUS)", "color": "#f04230", "length": "30,476 km", "rfs": "January 2000", "owners": "Verizon,  AT&T,  KDDI,  Tata Communications,  China Telecom,  Chunghwa Telecom,  KT,  NTT,  Level 3,  SingTel,  Sprint,  Telekom Malaysia,  Spark New Zealand,  Telstra,  PCCW,  LG Uplus,  Softbank Telecom,  Rostelecom,  SingTel Optus,  Orange,  PLDT", "url": null, "Symbol": 6, "year": 2000}}, {"type": "Feature", "id": 35, "geometry": {"type": "MultiLineString", "coordinates": [[[-38.5429650003327, -3.71873699985809], [-39.6719679997571, -0.266176000329203], [-50.4076540003277, 7.61675199978331]], [[-52.3209339999239, 4.94154900021343], [-50.4076540003277, 7.61675199978331]], [[-50.4076540003277, 7.61675199978331], [-58.3103829998136, 13.368457000129]], [[-66.8782959996243, 10.6065020003109], [-65.21404000025, 11.4497109999872]], [[-68.892650000007, 12.0904369996532], [-65.21404000025, 11.4497109999872]], [[-58.3103829998136, 13.368457000129], [-60.2932910002635, 12.4430380002108], [-61.5166790002402, 10.6497890001595]], [[-58.3103829998136, 13.368457000129], [-60.1836719999156, 14.7139910002377]], [[-61.0941699996614, 14.6154539995711], [-61.2562790002632, 14.7206029997711], [-61.2562790002632, 14.9310309999373], [-60.6762989999963, 15.0664879996168]], [[-60.1836719999156, 14.7139910002377], [-60.7862110002472, 13.7244790001835], [-65.21404000025, 11.4497109999872]], [[-60.1836719999156, 14.7139910002377], [-60.6762989999963, 15.0664879996168]], [[-60.6762989999963, 15.0664879996168], [-61.0998820002776, 15.724136000414], [-62.1809360002773, 15.724136000414], [-64.4949000003315, 17.9294230000912], [-64.8166280000266, 17.773909999653], [-66.3662849996293, 20.1521489999928]], [[-66.1066660003502, 18.4661050003949], [-66.3662849996293, 20.1521489999928]], [[-80.1601719996297, 26.010552999829], [-72.8478230003726, 29.6716029998218], [-66.3662849996293, 20.1521489999928]]]}, "properties": {"OBJECTID": 35, "cable_id": 1148, "Name": "Americas-II", "color": "#f89635", "length": "8,373 km", "rfs": "August 2000", "owners": "Embratel,  AT&T,  Verizon,  Sprint,  CANTV,  Tata Communications,  Level 3,  Centennial of Puerto Rico,  Corporacion Nacional de Telecommunicaciones,  Telecom Argentina,  Orange,  Portugal Telecom,  C&W Networks,  Telecom Italia Sparkle,  Entel Chile", "url": null, "Symbol": 5, "year": 2000}}, {"type": "Feature", "id": 36, "geometry": {"type": "LineString", "coordinates": [[-2.9748750002368, 51.2224459998168], [-3.92834100015864, 51.2976450001349], [-4.27697399985564, 51.218623999959], [-4.55187600023246, 51.1199170001337], [-10.838394999853, 48.6534889999113], [-20.0237400002075, 46.7166969999725], [-56.9968580002109, 39.4063220002212], [-74.0628619997081, 40.1528309996691], [-57.0494460003741, 40.9389699997795], [-20.0237400002075, 48.0850559997765], [-3.95334100042965, 51.4233210001523], [-2.9748750002368, 51.2224459998168]]}, "properties": {"OBJECTID": 36, "cable_id": 1149, "Name": "Tata TGN-Atlantic", "color": "#6c70b5", "length": "13,000 km", "rfs": "June 2001", "owners": "Tata Communications", "url": "http://www.tatacommunications.com", "Symbol": 7, "year": 2001}}, {"type": "Feature", "id": 37, "geometry": {"type": "MultiLineString", "coordinates": [[[129.184402505091, 22.4577442356523], [129.18728699996, 22.2477219996475], [124.862193000077, 19.1957350000356], [118.228018000377, 20.2813610002523], [113.932024999582, 22.2276550001206], [118.409268000321, 21.1924529999367], [123.187193999711, 20.4405740001892], [124.594810000138, 23.5523649996077], [121.801452999633, 24.8635039999662], [129.184402505091, 22.4577442356523]], [[129.184402505091, 22.4577442356523], [129.659063999888, 22.3015820003987], [143.211301000339, 31.2341480003171], [140.016772000378, 35.0360000001043], [141.359153999569, 31.3196140001522], [135.559743999582, 29.3590369999124], [129.951447000098, 30.3701050000068], [128.999495000095, 35.1703820000544], [129.184402505091, 22.4577442356523]]]}, "properties": {"OBJECTID": 37, "cable_id": 1150, "Name": "FLAG North Asia Loop/REACH North Asia Loop", "color": "#895c3c", "length": "9,504 km", "rfs": "June 2001", "owners": "Global Cloud Xchange,  PCCW,  Telstra", "url": null, "Symbol": 8, "year": 2001}}, {"type": "Feature", "id": 38, "geometry": {"type": "MultiLineString", "coordinates": [[[-179.999944999845, 42.8376649998566], [-139.250217999889, 42.8376649998566], [-123.811165999628, 45.8252930002042]], [[179.999947000393, 42.8376649998566], [157.236877000318, 42.8354449999268], [140.045091999666, 33.1937189999607], [137.391577999602, 34.7691390003029], [141.476145999867, 23.3055940001138], [144.694697999582, 13.4647779998981]], [[179.999947000393, 44.9569189997977], [157.2192990004, 44.9465519998074], [142.499192000064, 35.5563080000117], [140.061107999985, 35.0623020000454]], [[-123.811165999628, 45.8252930002042], [-139.250217999889, 44.9465519998074], [-179.999944999845, 44.9465519998074]], [[-123.811165999628, 45.8252930002042], [-127.97298000002, 44.7827869996984], [-129.057061000032, 41.2085639999555], [-123.500521999609, 33.1549750000846], [-118.245350000248, 34.053394000197]]]}, "properties": {"OBJECTID": 38, "cable_id": 1155, "Name": "Tata TGN-Pacific", "color": "#f37380", "length": "22,300 km", "rfs": "December 2002", "owners": "Tata Communications", "url": "http://www.tatacommunications.com", "Symbol": 14, "year": 2002}}, {"type": "Feature", "id": 39, "geometry": {"type": "MultiLineString", "coordinates": [[[-141.051924999901, 55.7943289997597], [-126.540559000214, 47.8508469997088], [-123.811165999628, 45.8252930002042]], [[-134.747291000062, 58.551051000102], [-134.89543600039, 58.4981239999283], [-134.9838149997, 58.491694000024], [-135.038892999575, 58.4602409999394], [-135.052661999855, 58.4135720001775], [-135.029224999907, 58.3655080001903], [-135.014771999911, 58.3057350001456], [-135.014771999911, 58.2388440001375], [-135.063892999846, 58.1868100002053], [-135.174928000203, 58.179190000083], [-135.271313999847, 58.1990089998579], [-135.352368999611, 58.2227249999098], [-135.447485999559, 58.287566999927], [-135.545874999742, 58.3294820000828], [-135.631861000323, 58.3579009999565], [-135.769604999965, 58.3602319999078], [-135.883472000341, 58.3436299999671], [-135.98698800026, 58.3271230000714], [-136.113013000016, 58.3010649999158], [-136.284057999991, 58.2885420002194], [-136.392064999613, 58.2744999998987], [-136.477563000297, 58.2408999999487], [-136.550561000397, 58.1985200000037], [-136.871263999895, 58.1451900001904], [-141.051924999901, 55.7943289997597]], [[-146.353434999583, 61.1303560001232], [-146.559343000389, 61.1091550001193], [-146.659539000393, 61.0674649999127], [-146.801042000342, 60.9658940000353], [-146.820084999774, 60.9192220001703], [-146.859050000145, 60.8587659998796], [-147.06984100029, 60.787662999856], [-147.329948000364, 60.7787019997851], [-147.530778000041, 60.7663990000914], [-147.683316999986, 60.7650160000071], [-147.787468000115, 60.7646349997874], [-147.889958000012, 60.7658990001133], [-148.028238999955, 60.7565260000592], [-148.210464999692, 60.7881639997919], [-148.322378999758, 60.7873770001463], [-148.386880999802, 60.7909990001743], [-148.473160000285, 60.7834690001732], [-148.518179999607, 60.7774149999388], [-148.684733000055, 60.7730280000341], [-148.521256000023, 60.7690219998009], [-148.413540999581, 60.7862100001863], [-148.313980999611, 60.7771289999716], [-148.197477000109, 60.7763419998648], [-148.099626000052, 60.7524229998145], [-148.082731000024, 60.7255729999062], [-148.060807000169, 60.6911960001034], [-148.056462000057, 60.6587680000835], [-147.87570000001, 60.606422999798], [-147.633853999744, 60.6025160000249], [-147.505729000264, 60.5744859997839], [-147.495231000393, 60.4850279999728], [-147.5680339996, 60.3118019999895], [-147.640543999803, 60.2512390002134], [-147.762516000423, 60.1187330001819], [-147.788786000215, 60.0240159998661], [-147.894255000444, 59.9622849999974], [-148.009294000432, 59.8779019999892], [-148.081315000015, 59.8393350000559], [-148.201334000325, 59.7747760001223], [-148.759537000151, 59.4557380000933], [-141.051924999901, 55.7943289997597]]]}, "properties": {"OBJECTID": 39, "cable_id": 1166, "Name": "NorthStar", "color": "#548f51", "length": "3,229 km", "rfs": "October 1999", "owners": "Alaska Communications Systems Group", "url": "http://akorn.alaskacommunications.com", "Symbol": 12, "year": 1999}}, {"type": "Feature", "id": 40, "geometry": {"type": "MultiLineString", "coordinates": [[[-140.284201000348, 56.1412979998384], [-136.948217000119, 54.4545630000471], [-125.895636999687, 48.3382669998744], [-124.726205000203, 48.4561460001575], [-123.699936000175, 48.267266000002], [-122.97903799994, 48.302031999835], [-122.315756999696, 47.8241019997291]], [[-140.284201000348, 56.1412979998384], [-136.718042000059, 58.1379740000185], [-136.525316999728, 58.1778000000023], [-136.421801999634, 58.2366080001071], [-136.280347000264, 58.2616089999051], [-136.058667000435, 58.2765289999406], [-135.845630000077, 58.3194309999097], [-135.672143999895, 58.3249700000097], [-135.474146000237, 58.2541849998117], [-135.424635000315, 58.2280989999805], [-135.311743999732, 58.1719549998568], [-135.168971000263, 58.1517349999304], [-135.040650000066, 58.1606230000203], [-134.967017999581, 58.1978250000126], [-134.983325999978, 58.2898259998041], [-134.99953700029, 58.3558260001935], [-135.00031800009, 58.4289899999299], [-134.923267999781, 58.4507639998295], [-134.843189999635, 58.4121900000392], [-134.760475000362, 58.3461669999609], [-134.701392999958, 58.3395300000849], [-134.603151000089, 58.3564409999673], [-134.542213000358, 58.3484219997983], [-134.406862000343, 58.2995769999468]], [[-146.353434999583, 61.1303560001232], [-146.565544999653, 61.121160000204], [-146.673942999985, 61.0735119999286], [-146.829069999552, 60.9760580001564], [-146.899235999632, 60.8679429998194], [-147.08317100018, 60.8110089999367], [-147.521599000094, 60.7882589999689], [-147.889958000012, 60.7796550001696], [-148.03165699978, 60.7703819998426], [-148.211783999617, 60.7937390001036], [-148.328433999608, 60.7937390001036], [-148.398551000183, 60.7967650001257], [-148.521548999926, 60.7813240000404], [-148.684733000055, 60.7730280000341], [-148.518179999607, 60.7722410001183], [-148.413540999581, 60.7862100001863], [-148.325796999583, 60.7809419999633], [-148.195816999702, 60.7821099999485], [-148.086393000246, 60.7581950001775], [-148.036099999801, 60.6993929998684], [-148.036099999801, 60.66501199989], [-147.864421000339, 60.6207749999965], [-147.63375699966, 60.6202000001285], [-147.476921000181, 60.5903140001218], [-147.459050000361, 60.4789889998075], [-147.533317000156, 60.3044740002017], [-147.615202000124, 60.2376679998141], [-147.729263999595, 60.1021390001037], [-147.761344999738, 60.0158910000787], [-147.860709999713, 59.9572980001849], [-147.980046000133, 59.849490000055], [-148.06466500021, 59.8018280000481], [-140.284201000348, 56.1412979998384]]]}, "properties": {"OBJECTID": 40, "cable_id": 1168, "Name": "Alaska United East", "color": "#f04230", "length": "3,751 km", "rfs": "February 1999", "owners": "GCI", "url": "http://www.alaskaunited.com", "Symbol": 6, "year": 1999}}, {"type": "Feature", "id": 41, "geometry": {"type": "LineString", "coordinates": [[-2.94919100025059, 43.2742189998], [-6.47345600006591, 50.0320169999593], [-4.55187600023246, 51.0847489997744], [-4.33586000044088, 51.2298770000843], [-3.94523500036112, 51.3188279998814], [-2.9748750002368, 51.2224459998168], [-3.95334100042965, 51.3699159999457], [-11.523842999626, 49.45190199983], [-11.523842999626, 38.8864750001195], [-10.5892740004451, 38.3944899996704], [-9.10743899990299, 38.6426590001151]]}, "properties": {"OBJECTID": 41, "cable_id": 1173, "Name": "Tata TGN-Western Europe", "color": "#f89635", "length": "3,578 km", "rfs": "June 2002", "owners": "Tata Communications", "url": "http://www.tatacommunications.com", "Symbol": 5, "year": 2002}}, {"type": "Feature", "id": 42, "geometry": {"type": "LineString", "coordinates": [[103.646094999899, 1.33858299963515], [103.506837000338, 1.23128599967417], [103.03974699993, 1.39784299996822], [90.7741309998032, 11.0393829998227], [82.8833160001978, 11.7580230001552], [80.2429860004332, 13.0638539996495]]}, "properties": {"OBJECTID": 42, "cable_id": 1179, "Name": "i2i Cable Network (i2icn)", "color": "#bd75b1", "length": "3,200 km", "rfs": "April 2002", "owners": "Airtel (Bharti)", "url": "http://www.airtel.in", "Symbol": 3, "year": 2002}}, {"type": "Feature", "id": 43, "geometry": {"type": "LineString", "coordinates": [[12.083366000101, 32.9335429998321], [12.083366000101, 33.3091959999458], [12.4218430002337, 33.3091959999458], [12.5298509996803, 32.7748850001785], [12.6378580002003, 33.3091959999458], [12.971354000186, 33.3091959999458], [13.1873699999776, 32.8776269996395], [13.2684239999169, 33.3091959999458], [14.1565099999112, 33.3091959999458], [14.2645170004312, 32.6499900002057], [14.3725249998779, 33.3091959999458], [14.6634429996749, 33.3091959999458], [15.3676409998757, 32.7568190000568], [15.0949849997116, 32.3746089997353], [15.5257469997737, 32.6323099996753], [16.6842419998945, 31.7472779999143], [16.5884410002312, 31.2055860002401], [16.8893199995989, 31.6890450001279], [18.5414669999974, 31.2191160002581], [18.4119750000136, 30.5869900001793], [18.7465449997019, 31.1606380001674], [19.3618769996228, 30.9967060002375], [19.5765249999839, 30.3784450003188], [19.5765249999839, 30.9544229998565], [19.5765249999839, 32.0250590002415], [20.0667590004371, 32.1169149997437], [19.5765249999839, 32.2088429996641], [19.5765249999839, 33.1050889999448], [20.8419539998488, 33.1050889999448], [20.9499620001938, 32.7169779999384], [21.0580669997248, 33.1050889999448], [21.6336530003739, 33.1050889999448], [21.7417579999049, 32.8821369997421], [21.8497660002499, 33.1050889999448], [22.5311130003081, 33.1088519999325], [22.6391209997547, 32.7636349996247], [22.7471280002747, 33.1050889999448], [23.9604090001925, 32.4469949996546], [23.9604090001925, 32.0798520001046]]}, "properties": {"OBJECTID": 43, "cable_id": 1184, "Name": "LFON (Libyan Fiber Optic Network)", "color": "#f04230", "length": "1,639 km", "rfs": "1999", "owners": "Libyan Post,  Telecommunications and Information Technology Company (LPTIC Holding)", "url": null, "Symbol": 6, "year": 1999}}, {"type": "Feature", "id": 44, "geometry": {"type": "MultiLineString", "coordinates": [[[33.9327649999298, 33.1860370000214], [33.6105970000186, 34.8272780001213]], [[24.0121670001523, 35.5120439998601], [15.0674460002232, 37.5134479997407], [16.8932260002184, 35.1096899998986], [32.2014189999924, 32.8741000003466], [34.7696789997702, 32.0450100001424], [34.2774910000807, 32.5994900002198], [34.9987800001275, 32.8115799996853], [26.4771060000042, 35.7593569998071], [26.0323799996676, 35.7147289998183]], [[24.0121670001523, 35.5120439998601], [23.6206630003637, 37.6547600001791], [23.736190000248, 37.9760779997373]], [[26.0323799996676, 35.7147289998183], [24.0121670001523, 35.5120439998601]], [[25.8949780003322, 36.6529910000713], [26.0323799996676, 35.7147289998183]], [[25.8949780003322, 36.6529910000713], [24.7573810000443, 36.4627669999453], [24.0370689996157, 36.5905240000589], [23.678182000445, 37.6547600001791], [23.736190000248, 37.9760779997373]], [[25.8949780003322, 36.6529910000713], [26.2133369997083, 36.8996200000886], [26.2133369997083, 37.0729490003369], [25.8818919999416, 37.4471889997713], [25.6810129998613, 38.7830959996558], [25.435017000375, 39.7071890002638], [26.0981999998113, 39.9777209999447], [26.260017000335, 40.0423460001612], [26.3481999998263, 40.0867410003437], [26.390778000015, 40.1324499998338], [26.3886299997116, 40.1917080000456], [26.4816960003389, 40.221390999866], [26.5316959999826, 40.2626880000593], [26.6056220001948, 40.3078319998493], [26.6771060003756, 40.3798070001612], [26.754938000309, 40.43736099978], [27.1800349996106, 40.4956829999841], [27.6788630000289, 40.5523220002531], [28.3058159999273, 40.7274280002645], [28.988236999688, 41.0406209997381], [28.2835499997656, 40.7445210002762], [27.670659999876, 40.5714629997308], [27.2043519999913, 40.5172899998725], [26.7554260002056, 40.4556440000209], [26.644000999861, 40.3754919999255], [26.5929259997915, 40.3173639998081], [26.5165590002713, 40.2767710001789], [26.4478090001998, 40.2237030000233], [26.3722240003041, 40.1943930003397], [26.3762270001097, 40.1467839996849], [26.3441960001959, 40.1045950001827], [26.2460520002356, 40.0556529998876], [25.3002520001662, 39.6912599998972], [25.5968330001755, 37.4101200001346], [25.412068000323, 37.3006679996888], [25.0375559997478, 37.2363199997312], [24.6071860002212, 37.2865280001857], [24.3197840001581, 37.2247340000059], [23.9269129998656, 37.241916999924], [23.7303310002171, 37.6464860001391], [23.736190000248, 37.9760779997373]]]}, "properties": {"OBJECTID": 44, "cable_id": 1185, "Name": "MedNautilus Submarine System", "color": "#b2703f", "length": "7,000 km", "rfs": "November 2001", "owners": "Telecom Italia Sparkle", "url": "http://www.mednautilus.com", "Symbol": 4, "year": 2001}}, {"type": "Feature", "id": 45, "geometry": {"type": "LineString", "coordinates": [[2.00134199961199, 41.3043699999597], [2.00134199961199, 39.0146719996816], [2.77575600012241, 39.0146719996816], [2.97097100016545, 39.3548419996961]]}, "properties": {"OBJECTID": 45, "cable_id": 1187, "Name": "PENBAL-5", "color": "#91a34b", "length": "309 km", "rfs": "1994", "owners": "Telefonica", "url": null, "Symbol": 2, "year": 1994}}, {"type": "Feature", "id": 46, "geometry": {"type": "LineString", "coordinates": [[37.7728010003984, 44.7237009998503], [38.4823709996601, 43.8491059997756], [39.7261200000675, 43.615503999936], [40.2335419995528, 42.6713789998817], [41.6675249998563, 42.1467529997947]]}, "properties": {"OBJECTID": 46, "cable_id": 1192, "Name": "Georgia-Russia", "color": "#8dc851", "length": "433 km", "rfs": "December 2000", "owners": "Rostelecom,  FOPTNET,  DanTelco", "url": "http://www.georgia-russia.com", "Symbol": 11, "year": 2000}}, {"type": "Feature", "id": 47, "geometry": {"type": "MultiLineString", "coordinates": [[[11.940006999927, 54.5772339999887], [14.9921530004056, 55.0311490000526]], [[14.9921530004056, 55.0311490000526], [15.5750629997021, 54.1726319997816]], [[13.8282870001505, 55.431332999853], [14.9921530004056, 55.0311490000526]]]}, "properties": {"OBJECTID": 47, "cable_id": 1199, "Name": "Baltica", "color": "#895c3c", "length": "437 km", "rfs": "March 1997", "owners": "TeliaSonera,  Orange Polska,  TDC,  Telenor,  Slovak Telekom,  Ukrtelecom", "url": null, "Symbol": 8, "year": 1997}}, {"type": "Feature", "id": 48, "geometry": {"type": "LineString", "coordinates": [[12.4314129999921, 54.2436520000895], [11.940006999927, 54.5772339999887]]}, "properties": {"OBJECTID": 48, "cable_id": 1200, "Name": "Germany-Denmark 2", "color": "#bd75b1", "length": "60 km", "rfs": "December 1995", "owners": "TDC", "url": null, "Symbol": 3, "year": 1995}}, {"type": "Feature", "id": 49, "geometry": {"type": "MultiLineString", "coordinates": [[[1.72927200015213, 52.4688259999811], [2.33337300008289, 54.2667000001007], [3.39538399975181, 56.2782990000853], [3.2099350001841, 56.5491940001167], [3.04655600006117, 56.8034900001181]], [[3.04655600006117, 56.8034900001181], [2.84733800021256, 57.111421999903], [2.68513099970147, 58.9228390000291], [5.5244840002193, 59.2792690001594], [5.44343000028, 59.1590010001504], [5.26735599957873, 59.0405949998607], [5.18669199962681, 58.575627000216], [6.72506899973383, 57.5584820001806], [9.06256799964591, 57.1454239998297], [9.06403300005904, 56.8123110002401], [8.45690400029108, 55.4652290001127], [12.5693039999474, 55.6761449999564], [12.7522140002978, 55.8044840000844], [12.6943040004041, 55.9462939999465], [12.6144210002518, 56.0708280000781], [12.359537999999, 56.2626280001863], [12.2137369997937, 56.5708010001178], [11.5375659998762, 57.3365279998884], [11.1125659997606, 57.9386929997898], [10.6052430000096, 59.2951289998613], [10.5298520002827, 59.4375190000513], [10.6007499997593, 59.5164039998807], [10.5994810000631, 59.643680000107], [10.5475280001096, 59.787629000175], [10.7499689997891, 59.9122879999916]], [[-2.10680900019146, 57.1537939999311], [-0.332444999849361, 56.8034900001181], [3.04655600006117, 56.8034900001181]]]}, "properties": {"OBJECTID": 49, "cable_id": 1203, "Name": "Tampnet Offshore FOC Network", "color": "#4fc1af", "length": "1,751 km", "rfs": "July 1999", "owners": "Tampnet", "url": "http://www.tampnet.com/", "Symbol": 10, "year": 1999}}, {"type": "Feature", "id": 50, "geometry": {"type": "LineString", "coordinates": [[-4.16950299981113, 51.5580949997265], [-5.49118200006118, 51.4434420002392], [-6.58502899965021, 52.1716500000298]]}, "properties": {"OBJECTID": 50, "cable_id": 1205, "Name": "Solas", "color": "#bd75b1", "length": "232 km", "rfs": "April 1999", "owners": "eircom,  Vodafone", "url": null, "Symbol": 3, "year": 1999}}, {"type": "Feature", "id": 51, "geometry": {"type": "LineString", "coordinates": [[18.7013310002114, 59.7597550001724], [19.7817009995976, 59.7597550001724], [21.178867999659, 59.9113090000036], [22.2592379999435, 60.4494060000209]]}, "properties": {"OBJECTID": 51, "cable_id": 1207, "Name": "Sweden-Finland 4 (SFS-4)", "color": "#f04230", "length": "254 km", "rfs": "December 1993", "owners": "TeliaSonera,  Elisa Corporation", "url": "http://www.telia.se", "Symbol": 6, "year": 1993}}, {"type": "Feature", "id": 52, "geometry": {"type": "LineString", "coordinates": [[19.93775500035, 60.1140379999698], [18.8166620002772, 59.9834690001148]]}, "properties": {"OBJECTID": 52, "cable_id": 1208, "Name": "Sweden-Finland Link (SFL)", "color": "#0982c5", "length": "142 km", "rfs": "1994", "owners": "TeliaSonera,  Elisa Corporation", "url": null, "Symbol": 13, "year": 1994}}, {"type": "Feature", "id": 53, "geometry": {"type": "MultiLineString", "coordinates": [[[51.8708037581942, 26.5125079822587], [51.5192760003762, 25.294605999856]], [[51.8708037581942, 26.5125079822587], [53.339685000237, 25.310232999986], [55.3085309996049, 25.269351000354]], [[51.8708380001762, 26.5126259996074], [51.8708037581942, 26.5125079822587]], [[51.0948620000666, 27.0953970001037], [50.5760150004225, 26.2294970000944]], [[48.0712319995929, 29.2709069996499], [49.4366599998186, 28.4772439996821], [51.8708037581942, 26.5125079822587]]]}, "properties": {"OBJECTID": 53, "cable_id": 1209, "Name": "Fiber Optic Gulf (FOG)", "color": "#8dc851", "length": "1,300 km", "rfs": "June 1998", "owners": "Kuwait Ministry of Communications,  Etisalat,  Ooredoo,  Batelco", "url": null, "Symbol": 11, "year": 1998}}, {"type": "Feature", "id": 54, "geometry": {"type": "MultiLineString", "coordinates": [[[-74.0470899997871, 40.1234899999588], [-56.9968580002109, 34.5645650000866], [-20.0237400002075, 42.3978609997296], [-4.26232500004097, 48.6768369998755], [-3.45988400014558, 48.7305549999042]], [[-72.8721890002588, 40.8005799998395], [-56.9968580002109, 40.1829039998214], [-20.0237400002075, 47.4053199996967], [-4.54440500037365, 50.8282030001144]]]}, "properties": {"OBJECTID": 54, "cable_id": 1213, "Name": "Apollo", "color": "#4fc1af", "length": "13,000 km", "rfs": "February 2003", "owners": "Alcatel-Lucent,  Vodafone", "url": "http://www.apollo-scs.com", "Symbol": 10, "year": 2003}}, {"type": "Feature", "id": 55, "geometry": {"type": "LineString", "coordinates": [[10.5166679999828, 57.331045999898], [10.8878589999195, 57.4876909998346], [12.0762380003739, 57.4876909998346]]}, "properties": {"OBJECTID": 55, "cable_id": 1218, "Name": "Kattegat 1", "color": "#38bced", "length": "180 km", "rfs": "August 1995", "owners": "TDC,  TeliaSonera,  Tata Communications,  BT", "url": null, "Symbol": 9, "year": 1995}}, {"type": "Feature", "id": 56, "geometry": {"type": "MultiLineString", "coordinates": [[[8.40455999962705, -11.0470800001643], [8.36178700034302, -24.1148009997487], [16.6772110002517, -33.4116670000685], [18.4458620001528, -33.7272139999028]], [[13.3724279997331, -8.77666399988286], [8.40455999962705, -11.0470800001643]], [[6.45339000008621, -0.784511000267093], [8.36178700034302, -3.97275300041347], [8.40455999962705, -11.0470800001643]], [[6.45339000008621, -0.784511000267093], [8.91237299982284, 0.374738000398228], [9.45426700032652, 0.394463999870519]], [[-4.04650500006795, 1.17456000034482], [-0.218479999564187, 1.17456000034482]], [[-0.218479999564187, 1.17456000034482], [2.32009199969864, 1.17456000034482]], [[2.32009199969864, 1.17456000034482], [3.78307899990365, 1.17456000034482]], [[2.32009199969864, 1.17456000034482], [2.4401119998333, 6.35667500027702]], [[3.78307899990365, 1.17456000034482], [5.28180899957483, 1.17456000034482]], [[5.28180899957483, 1.17456000034482], [6.45339000008621, -0.784511000267093]], [[9.70641499974675, 4.04734399973895], [5.28180899957483, 1.17456000034482]], [[-4.02624099972151, 5.32350599960536], [-4.04650500006795, 1.17456000034482]], [[-0.20432000036937, 5.55828300033293], [-0.218479999564187, 1.17456000034482]], [[3.4235089999444, 6.43906899965545], [3.78307899990365, 1.17456000034482]], [[-17.4457139999543, 14.6865979997627], [-19.9381439996141, 16.1487629996963]], [[-19.9381439996141, 16.1487629996963], [-19.9381439996141, 14.4257179997194], [-10.5551920003123, 1.17456000034482], [-4.04650500006795, 1.17456000034482]], [[-14.7261849997526, 27.1307759999603], [-19.9381439996141, 20.2675289998928], [-19.9381439996141, 16.1487629996963]], [[-14.7261849997526, 27.1307759999603], [-15.8624630001155, 27.8079100000168], [-15.8624630001155, 27.9427489996109], [-15.6999629997014, 27.9997590000102]], [[-9.10275099965899, 38.4430759997075], [-10.1910320000183, 34.768416999852], [-9.70001699976556, 33.3229879999281], [-14.7261849997526, 27.1307759999603]]]}, "properties": {"OBJECTID": 56, "cable_id": 1219, "Name": "SAT-3/WASC", "color": "#38bced", "length": "14,350 km", "rfs": "April 2002", "owners": "Telkom South Africa,  Tata Communications,  AT&T,  BT,  Camtel,  Angola Telecom,  Ghana Telecommunications Company,  Mauritius Telecom,  Verizon,  Nitel,  OPT,  Belgacom,  Sprint,  SingTel,  KPN,  Orange,  Telecom Italia Sparkle,  Telecom Namibia,  Telekom Malaysia,  Telefonica,  China Telecom,  Chunghwa Telecom,  Cote d’Ivoire Telecom,  Deutsche Telekom,  Maroc Telecom,  KT,  Portugal Telecom,  PCCW,  Telstra,  Cyta,  Neotel,  Vodafone", "url": null, "Symbol": 9, "year": 2002}}, {"type": "Feature", "id": 57, "geometry": {"type": "MultiLineString", "coordinates": [[[33.7842299996152, -35.4928290000154], [41.2747520003715, -35.4928290000154], [54.0481799999713, -21.0000549999341]], [[18.4458620001528, -33.7272139999028], [17.9918580001358, -33.8550399996568], [17.9918580001358, -34.1877839996907], [19.3375609999653, -35.4928290000154], [33.7842299996152, -35.4928290000154]], [[31.7579620002504, -28.9505550000196], [33.7842299996152, -35.4928290000154]], [[54.0481799999713, -21.0000549999341], [54.4743519996987, -20.4739990001007], [57.485483000311, -20.4739990001007], [58.7954429997759, -20.4739990001007]], [[54.0481799999713, -21.0000549999341], [55.2792339998004, -21.0000549999341], [58.3633140001084, -21.0000549999341], [58.7954429997759, -20.4739990001007]], [[58.7954429997759, -20.4739990001007], [74.5194550000695, -0.43755899963803], [96.2015690000542, 6.23407899989081], [100.362990999911, 5.35384299957042]], [[76.2695510004347, 9.93838600014995], [75.8800989997917, 0.0151709998692292]]]}, "properties": {"OBJECTID": 57, "cable_id": 1220, "Name": "SAFE", "color": "#8dc851", "length": "13,500 km", "rfs": "April 2002", "owners": "Orange,  Telekom Malaysia,  Telkom South Africa,  Tata Communications,  AT&T,  BT,  Camtel,  Angola Telecom,  Ghana Telecommunications Company,  Mauritius Telecom,  Verizon,  Nitel,  OPT,  Telefonica,  Belgacom,  China Telecom,  Chunghwa Telecom,  Cote d’Ivoire Telecom,  Maroc Telecom,  KT,  KPN,  SingTel,  Sprint,  Telecom Italia Sparkle,  Telecom Namibia,  Telstra,  PCCW,  Sonatel,  Neotel,  Vodafone", "url": null, "Symbol": 11, "year": 2002}}, {"type": "Feature", "id": 58, "geometry": {"type": "LineString", "coordinates": [[24.7524979998067, 59.4364009997935], [24.295954999674, 59.5706810001433], [22.8045500002718, 59.2378609999673], [22.7363860000062, 59.0000799998841], [18.7646120002394, 59.8228200001095]]}, "properties": {"OBJECTID": 58, "cable_id": 1221, "Name": "Sweden-Estonia (EE-S 1)", "color": "#91a34b", "length": "240 km", "rfs": "June 1995", "owners": "TeliaSonera,  Elion,  GN Great Nordic", "url": null, "Symbol": 2, "year": 1995}}, {"type": "Feature", "id": 59, "geometry": {"type": "LineString", "coordinates": [[21.0826760001835, 56.0285070001706], [18.8294549998665, 57.4397380001138]]}, "properties": {"OBJECTID": 59, "cable_id": 1222, "Name": "BCS East-West Interlink", "color": "#f04230", "length": "218 km", "rfs": "November 1997", "owners": "TeliaSonera", "url": null, "Symbol": 6, "year": 1997}}, {"type": "Feature", "id": 60, "geometry": {"type": "LineString", "coordinates": [[-6.58502899965021, 52.1716500000298], [-5.69875000037577, 50.0761590001388]]}, "properties": {"OBJECTID": 60, "cable_id": 1223, "Name": "ESAT-1", "color": "#91a34b", "length": "261 km", "rfs": "August 1999", "owners": "Esat BT", "url": "http://www.esat.net", "Symbol": 2, "year": 1999}}, {"type": "Feature", "id": 61, "geometry": {"type": "LineString", "coordinates": [[-6.215400000211, 53.331712000153], [-4.87355500042208, 53.7910979998693], [-3.00636899985015, 53.6479310001558]]}, "properties": {"OBJECTID": 61, "cable_id": 1224, "Name": "ESAT-2", "color": "#4fc1af", "length": "245 km", "rfs": "2000", "owners": "Esat BT", "url": "http://www.esat.net", "Symbol": 10, "year": 2000}}, {"type": "Feature", "id": 62, "geometry": {"type": "LineString", "coordinates": [[-69.9832749995901, 18.5002819998489], [-69.3351309999558, 17.8808219999626], [-68.6869859995984, 17.8808219999626], [-68.1750730004109, 18.3703010002134], [-68.4381589999183, 18.6213720003449], [-67.5417240001812, 19.1197230000364], [-66.0827890001856, 18.4535999999858], [-66.0168710001327, 18.4418350000408]]}, "properties": {"OBJECTID": 62, "cable_id": 1227, "Name": "Antillas 1", "color": "#6c70b5", "length": "650 km", "rfs": "June 1997", "owners": "AT&T,  Verizon,  Sprint,  Tata Communications,  Orange,  C&W Networks,  Telecom Italia Sparkle,  Embratel", "url": null, "Symbol": 7, "year": 1997}}, {"type": "Feature", "id": 63, "geometry": {"type": "LineString", "coordinates": [[-66.0827890001856, 18.4535999999858], [-65.9986089996015, 18.692522999997], [-66.0168710001327, 18.4418350000408], [-65.4657969998579, 18.5796299998326], [-64.9370869996541, 18.3729890001681]]}, "properties": {"OBJECTID": 63, "cable_id": 1229, "Name": "Taino-Carib", "color": "#b2703f", "length": "186 km", "rfs": "December 1992", "owners": "AT&T,  Embratel,  Telecom Argentina,  Orange,  CANTV,  C&W Networks,  Telecom Italia Sparkle", "url": null, "Symbol": 4, "year": 1992}}, {"type": "Feature", "id": 64, "geometry": {"type": "LineString", "coordinates": [[131.031915000292, 33.8395239999059], [130.596367999901, 34.4208940003173], [128.999495000095, 35.1703820000544], [129.949981999685, 34.5187140002044], [130.40164199958, 33.5902249998311]]}, "properties": {"OBJECTID": 64, "cable_id": 1231, "Name": "Korea-Japan Cable Network (KJCN)", "color": "#f89635", "length": "500 km", "rfs": "March 2002", "owners": "QTNet,  KT,  Softbank Telecom,  NTT", "url": null, "Symbol": 5, "year": 2002}}, {"type": "Feature", "id": 65, "geometry": {"type": "MultiLineString", "coordinates": [[[-78.7367349997761, 26.516995999796], [-80.0676909998817, 26.3783230002651]], [[-78.7367349997761, 26.516995999796], [-79.4358559995705, 26.3034960001294], [-80.0889319998463, 26.3505859996049]], [[-78.7367349997761, 26.516995999796], [-77.7123710003776, 25.7941020002041], [-77.4529959996995, 25.0684530002429], [-76.9026060000382, 25.2317249996262], [-76.7876640001349, 25.407832999849], [-77.1836109999451, 25.5400760003186], [-77.3995289998274, 26.0252969997797], [-77.3154959995564, 26.033019000322], [-77.2014340000852, 26.1438800001087], [-77.1936209999196, 26.2714500000867], [-77.1342459996128, 26.5583200003427], [-77.1795589997358, 26.5876669996529], [-77.2451839998857, 26.5960500002051], [-77.3061209997917, 26.628180000042], [-77.3342459999843, 26.691366999616], [-77.5092460000846, 26.8571080001333], [-77.5889330004185, 26.8918640000649], [-77.6936209999498, 26.8932579997338], [-77.8219410003218, 26.9125039996819], [-77.8800460002091, 26.6257360002706], [-78.2458660000115, 26.6167439999756], [-78.304558000428, 26.6575089997429], [-78.4951830001363, 26.6365609997808], [-78.6490400001814, 26.5611160003514], [-78.7367349997761, 26.516995999796]]]}, "properties": {"OBJECTID": 65, "cable_id": 1232, "Name": "Bahamas Internet Cable System (BICS)", "color": "#ba5aa3", "length": "1,100 km", "rfs": "July 2001", "owners": "Caribbean Crossings", "url": "http://www.caribbeancrossings.com", "Symbol": 15, "year": 2001}}, {"type": "Feature", "id": 66, "geometry": {"type": "LineString", "coordinates": [[2.90143899957111, 36.8002190001239], [2.97097100016545, 39.3548419996961]]}, "properties": {"OBJECTID": 66, "cable_id": 1234, "Name": "ALPAL-2", "color": "#f4878f", "length": "312 km", "rfs": "July 2002", "owners": "Telecom Italia Sparkle,  Orange,  Algerie Telecom,  Telefonica", "url": null, "Symbol": 16, "year": 2002}}, {"type": "Feature", "id": 67, "geometry": {"type": "LineString", "coordinates": [[100.59971000044, 7.07591899959228], [103.42519599987, 6.68384099963665], [105.510742000355, 2.6083100000518], [104.37939499991, 1.34326900030245], [104.192090000117, 1.30265500014078], [103.987012000413, 1.38944699996311], [104.033497000148, 1.29074400009288], [103.962597999948, 1.1347250003427]]}, "properties": {"OBJECTID": 67, "cable_id": 1238, "Name": "Thailand-Indonesia-Singapore (TIS)", "color": "#f37380", "length": "968 km", "rfs": "November 2003", "owners": "SingTel,  Communications Authority of Thailand,  Telkom Indonesia", "url": null, "Symbol": 14, "year": 2003}}, {"type": "Feature", "id": 68, "geometry": {"type": "MultiLineString", "coordinates": [[[-3.34621199976336, 58.6154200000848], [-4.9772660003353, 58.7471459999934], [-6.58341699982231, 59.9557339999259], [-5.62033199973823, 62.3142279998607], [-6.79315983221956, 62.9756867488594]], [[-6.92794799997952, 62.2441129998548], [-6.79315983221956, 62.9756867488594]], [[-6.79315983221956, 62.9756867488594], [-6.79074099973946, 62.9886509999932]], [[-6.79315983221956, 62.9756867488594], [-9.10445999957127, 64.2366049998586], [-14.0180800000056, 65.2508489999124]]]}, "properties": {"OBJECTID": 68, "cable_id": 1240, "Name": "FARICE-1", "color": "#ffd633", "length": "1,205 km", "rfs": "January 2004", "owners": "Icelandic Shareholders", "url": "http://www.farice.is", "Symbol": 18, "year": 2004}}, {"type": "Feature", "id": 69, "geometry": {"type": "LineString", "coordinates": [[24.9324780002291, 60.171162999996], [24.7118729999277, 59.7653120001029], [24.7524979998067, 59.4237119998003], [24.9862870004079, 59.7908969998478], [24.9324780002291, 60.171162999996]]}, "properties": {"OBJECTID": 69, "cable_id": 1242, "Name": "Finland Estonia Connection (FEC)", "color": "#4fc1af", "length": "250 km", "rfs": "January 2000", "owners": "Elisa Corporation", "url": "http://www.elisa.com", "Symbol": 10, "year": 2000}}, {"type": "Feature", "id": 70, "geometry": {"type": "LineString", "coordinates": [[-66.0168710001327, 18.4418350000408], [-65.5969500000734, 19.307199000162], [-64.1242940003758, 19.2391680004234], [-63.0736600002869, 18.0310410004184]]}, "properties": {"OBJECTID": 70, "cable_id": 1245, "Name": "Saint Maarten Puerto Rico Network One (SMPR-1)", "color": "#895c3c", "length": "374 km", "rfs": "December 2004", "owners": "TelEm Group", "url": null, "Symbol": 8, "year": 2004}}, {"type": "Feature", "id": 71, "geometry": {"type": "MultiLineString", "coordinates": [[[31.7579620002504, -28.9505550000196], [34.2011239996622, -29.0187240001531], [36.1446779995792, -25.7474309997413]], [[32.5806180000884, -25.9682700003115], [36.1446779995792, -25.7474309997413]], [[36.1446779995792, -25.7474309997413], [37.5392079996157, -23.3418499996403]], [[43.6632269997205, -23.354761000245], [37.5392079996157, -23.3418499996403]], [[37.5392079996157, -23.3418499996403], [41.1017049996825, -17.001649999872], [41.7624469998107, -12.1576829999213]], [[41.7624469998107, -12.1576829999213], [42.5078570004196, -6.58657799983774]], [[43.2433049998363, -11.7005869998156], [41.7624469998107, -12.1576829999213]], [[42.5078570004196, -6.58657799983774], [39.2696749998442, -6.82313199991862]], [[42.5078570004196, -6.58657799983774], [42.8732860004098, -3.82972599962409]], [[39.6728980004179, -4.05292699964146], [42.8732860004098, -3.82972599962409]], [[42.8732860004098, -3.82972599962409], [42.9268989998717, -3.42390099978653], [46.5850019996081, 1.00340000013088]], [[46.5850019996081, 1.00340000013088], [45.3441830000268, 2.04120199988421]], [[46.5850019996081, 1.00340000013088], [48.1950600004378, 2.95175299978327], [52.5134159996825, 12.1377960003654], [52.3999390001923, 12.6472230001431], [45.2438899999382, 10.8004309998985], [43.8351989999837, 10.9694050002535], [43.3206760607226, 11.8321603698214]], [[43.1479929998946, 11.5948690002068], [43.3206760607226, 11.8321603698214]], [[43.3206760607226, 11.8321603698214], [43.3218210003832, 11.8337329996098]], [[43.3206760607226, 11.8321603698214], [43.2939890000935, 11.8768370002946], [43.4628360004351, 12.1318770001749], [42.4017039995768, 13.8777350000178], [41.2217249998171, 15.0816700001601], [38.2725079996273, 19.9096570001581], [37.2196769997295, 19.615563999896]]]}, "properties": {"OBJECTID": 71, "cable_id": 1246, "Name": "Eastern Africa Submarine System (EASSy)", "color": "#b2703f", "length": "10,500 km", "rfs": "July 2010", "owners": "Botswana Fibre Networks,  Telkom South Africa,  Sudan Telecom Company,  Telma (Telecom Malagasy),  Tanzania Telecommunications Company Limited,  Zambia Telecom,  Mauritius Telecom,  Vodacom DRC,  MTN Group,  Comores Telecom,  Neotel,  BT,  Etisalat,  Saudi Telecom,  Orange,  Airtel (Bharti),  WIOCC,  Djibouti Telecom", "url": "http://www.eassy.org", "Symbol": 4, "year": 2010}}, {"type": "Feature", "id": 72, "geometry": {"type": "LineString", "coordinates": [[37.2196769997295, 19.615563999896], [39.1827610000491, 21.4815320001973]]}, "properties": {"OBJECTID": 72, "cable_id": 1247, "Name": "Saudi Arabia-Sudan-1 (SAS-1)", "color": "#0982c5", "length": "333 km", "rfs": "April 2003", "owners": "Sudan Telecom Company,  Saudi Telecom,  The Arab Investment Company", "url": null, "Symbol": 13, "year": 2003}}, {"type": "Feature", "id": 73, "geometry": {"type": "LineString", "coordinates": [[15.0674460002232, 37.5134479997407], [15.7603170001745, 37.0964759998291], [15.1689109999238, 36.1633499997172], [14.3800450001405, 35.9340599996833]]}, "properties": {"OBJECTID": 73, "cable_id": 1249, "Name": "Vodafone Malta-Sicily Cable System (VMSCS)", "color": "#38bced", "length": "260 km", "rfs": "July 2004", "owners": "Vodafone Malta", "url": "http://www.vodafone.com.mt", "Symbol": 9, "year": 2004}}, {"type": "Feature", "id": 74, "geometry": {"type": "MultiLineString", "coordinates": [[[47.9748450001237, 29.3741010003574], [49.4362699998312, 29.4869679998249]], [[49.4362699998312, 29.4869679998249], [49.4780670002203, 29.0727399997907]], [[49.4362699998312, 29.4869679998249], [50.281191000006, 29.5522319999368]], [[50.281191000006, 29.5522319999368], [50.312050000308, 29.2460290002301]], [[50.281191000006, 29.5522319999368], [50.5211319996428, 29.5707499998659]]]}, "properties": {"OBJECTID": 74, "cable_id": 1250, "Name": "Kuwait-Iran", "color": "#ba5aa3", "length": "380 km", "rfs": "June 2005", "owners": "Telecommunication Infrastructure Company of Iran,  Kuwait Ministry of Communications", "url": null, "Symbol": 15, "year": 2005}}, {"type": "Feature", "id": 75, "geometry": {"type": "LineString", "coordinates": [[-5.39181600026027, 35.565920999714], [-5.17555699989614, 35.7423960002879], [-5.14586900027946, 36.4274170000945]]}, "properties": {"OBJECTID": 75, "cable_id": 1251, "Name": "Estepona-Tetouan", "color": "#38bced", "length": "113 km", "rfs": "July 1994", "owners": "Telefonica,  Maroc Telecom,  KPN,  Telecom Italia Sparkle", "url": null, "Symbol": 9, "year": 1994}}, {"type": "Feature", "id": 76, "geometry": {"type": "LineString", "coordinates": [[80.2429860004332, 13.0638539996495], [82.783901999818, 10.6959490002242], [90.6747170003217, 9.97483999957665], [102.9595719997, 1.40174899971283], [103.919726999856, 1.17221700009374], [103.987012000413, 1.38944699996311]]}, "properties": {"OBJECTID": 76, "cable_id": 1252, "Name": "Tata TGN-Tata Indicom", "color": "#0982c5", "length": "3,175 km", "rfs": "November 2004", "owners": "Tata Communications", "url": "http://www.tatacommunications.com", "Symbol": 13, "year": 2004}}, {"type": "Feature", "id": 77, "geometry": {"type": "LineString", "coordinates": [[51.5192760003762, 25.294605999856], [52.4202520000442, 25.6689170000585], [52.865954999999, 25.1526360003005], [54.41907899983, 24.4439639996064]]}, "properties": {"OBJECTID": 77, "cable_id": 1254, "Name": "Qatar-U.A.E. Submarine Cable System", "color": "#91a34b", "length": "100 km", "rfs": "December 2004", "owners": "Etisalat,  Ooredoo", "url": null, "Symbol": 2, "year": 2004}}, {"type": "Feature", "id": 78, "geometry": {"type": "LineString", "coordinates": [[12.5921550000901, 56.0306349998717], [12.695768000094, 56.0439189999357]]}, "properties": {"OBJECTID": 78, "cable_id": 1259, "Name": "Denmark-Sweden 15", "color": "#895c3c", "length": "5 km", "rfs": "1989", "owners": "TDC,  TeliaSonera", "url": null, "Symbol": 8, "year": 1989}}, {"type": "Feature", "id": 79, "geometry": {"type": "LineString", "coordinates": [[12.2731120001005, 55.5760739999772], [12.4577799998686, 55.4713740001712], [12.9639319998327, 55.4713740001712]]}, "properties": {"OBJECTID": 79, "cable_id": 1261, "Name": "Denmark-Sweden 16", "color": "#ffd633", "length": "15 km", "rfs": "1991", "owners": "TDC", "url": null, "Symbol": 18, "year": 1991}}, {"type": "Feature", "id": 80, "geometry": {"type": "LineString", "coordinates": [[14.966665000238, 55.0127869999236], [16.0622700001431, 54.2601410002225]]}, "properties": {"OBJECTID": 80, "cable_id": 1262, "Name": "Denmark-Poland 2", "color": "#f4878f", "length": "110 km", "rfs": "1991", "owners": "Orange Polska,  TDC,  TeliaSonera,  Telenor", "url": null, "Symbol": 16, "year": 1991}}, {"type": "Feature", "id": 81, "geometry": {"type": "LineString", "coordinates": [[24.7524979998067, 59.4364009997935], [25.1281810001688, 59.7884649998674], [24.9324780002291, 60.171162999996]]}, "properties": {"OBJECTID": 81, "cable_id": 1263, "Name": "Finland-Estonia 2 (EESF-2)", "color": "#b2703f", "length": "98 km", "rfs": "1992", "owners": "Elion,  TeliaSonera", "url": null, "Symbol": 4, "year": 1992}}, {"type": "Feature", "id": 82, "geometry": {"type": "LineString", "coordinates": [[24.2766200001635, 59.4009520001908], [24.5798419998283, 59.7716549999354], [24.9324780002291, 60.171162999996]]}, "properties": {"OBJECTID": 82, "cable_id": 1268, "Name": "Finland-Estonia 3 (EESF-3)", "color": "#f04230", "length": "104 km", "rfs": "1994", "owners": "TeliaSonera,  Elion", "url": null, "Symbol": 6, "year": 1994}}, {"type": "Feature", "id": 83, "geometry": {"type": "LineString", "coordinates": [[21.5700779997198, 57.3897220001496], [17.9465459998378, 58.6225389998309], [17.9465459998378, 58.9030980001071]]}, "properties": {"OBJECTID": 83, "cable_id": 1270, "Name": "Latvia-Sweden 1 (LV-SE 1)", "color": "#91a34b", "length": "304 km", "rfs": "1994", "owners": "TeliaSonera,  Tele2,  Lattelecom,  Telecom Italia Sparkle", "url": null, "Symbol": 2, "year": 1994}}, {"type": "Feature", "id": 84, "geometry": {"type": "LineString", "coordinates": [[21.6163680003592, 63.0953880001778], [20.9682230000017, 63.0953880001778], [20.587070999596, 63.6825089999791], [20.2630480001827, 63.8259509998869]]}, "properties": {"OBJECTID": 84, "cable_id": 1271, "Name": "Botnia", "color": "#f89635", "length": "93 km", "rfs": "1994", "owners": "TeliaSonera", "url": null, "Symbol": 5, "year": 1994}}, {"type": "Feature", "id": 85, "geometry": {"type": "LineString", "coordinates": [[12.2442060001083, 45.4960779999623], [12.3319989996123, 45.4332719997023], [13.5202800001574, 45.4332719997023]]}, "properties": {"OBJECTID": 85, "cable_id": 1286, "Name": "Italy-Croatia", "color": "#f04230", "length": "230 km", "rfs": "1994", "owners": "Telecom Italia Sparkle,  T-Hrvatski Telekom", "url": null, "Symbol": 6, "year": 1994}}, {"type": "Feature", "id": 86, "geometry": {"type": "LineString", "coordinates": [[12.5913740002905, 37.6505839999484], [13.1873699999776, 32.8776269996395]]}, "properties": {"OBJECTID": 86, "cable_id": 1287, "Name": "Italy-Libya", "color": "#76266a", "length": "570 km", "rfs": "1998", "owners": "Telecom Italia Sparkle,  Libya International Telecommunications Company", "url": null, "Symbol": 24, "year": 1998}}, {"type": "Feature", "id": 87, "geometry": {"type": "LineString", "coordinates": [[-69.8785870000587, 12.4146180003456], [-69.6936260003876, 12.0904369996532], [-68.892650000007, 12.0904369996532]]}, "properties": {"OBJECTID": 87, "cable_id": 1289, "Name": "Alonso de Ojeda", "color": "#8dc851", "length": "128 km", "rfs": "1999", "owners": "n.a.", "url": null, "Symbol": 11, "year": 1999}}, {"type": "Feature", "id": 88, "geometry": {"type": "LineString", "coordinates": [[-61.6508100000642, 10.68625699976], [-61.54124000012, 11.3426830001842], [-61.54124000012, 12.2917500004061], [-61.7152629997039, 12.2917500004061], [-61.7108680002612, 12.18801000025], [-61.7692180003709, 12.2917500004061], [-61.2546680002602, 13.1878709998453], [-61.2546680002602, 13.0688009996619], [-59.6074030002745, 13.0844960000029], [-60.8987599996247, 14.1262760003827], [-61.0068159996502, 14.1262760003827], [-61.0068159996502, 13.9945059996077], [-61.1626750004089, 14.4977750001513], [-61.0941699996614, 14.6154539995711], [-61.3706830000412, 14.6745059998701], [-61.3706830000412, 15.2520819998584], [-61.2626749996963, 15.1995969996923], [-61.1546189996707, 15.4093640003861], [-61.5330360001422, 16.2413249999847], [-61.8579389999876, 17.0514839996074], [-62.0740030003581, 17.0514839996074], [-62.3237099995719, 16.8108249997679], [-62.2156529997215, 16.7068439995897], [-62.3237099995719, 16.7068439995897], [-62.7297640003394, 17.090879000328], [-62.7297640003394, 17.2986390000036], [-62.7297640003394, 17.4023840001097], [-63.0736600002869, 18.0310410004184], [-63.0571560000717, 18.2176840002003], [-63.14900199961, 18.3160750004141], [-64.1523709999895, 18.3445350000731], [-64.5008079998679, 18.3160750004141], [-64.5971459998316, 18.4144110003002]]}, "properties": {"OBJECTID": 88, "cable_id": 1290, "Name": "Eastern Caribbean Fiber System (ECFS)", "color": "#f04230", "length": "1,730 km", "rfs": "September 1995", "owners": "Orange,  AT&T,  BT,  Verizon,  Sprint,  CANTV,  Guyana Telephone and Telegraph (GT&T),  Codetel,  C&W Networks", "url": null, "Symbol": 6, "year": 1995}}, {"type": "Feature", "id": 89, "geometry": {"type": "LineString", "coordinates": [[19.919590999728, 39.619532999662], [18.8708620002683, 39.8884610002466], [18.8708620002683, 41.2701009998027], [19.1003540004378, 42.0932590002905]]}, "properties": {"OBJECTID": 89, "cable_id": 1295, "Name": "Corfu-Bar", "color": "#f04230", "length": "323 km", "rfs": "1999", "owners": "OTEGLOBE,  PTT Montenegro,  Telecom Italia Sparkle", "url": null, "Symbol": 6, "year": 1999}}, {"type": "Feature", "id": 90, "geometry": {"type": "LineString", "coordinates": [[16.8688119997533, 41.1257129997823], [18.1468390001121, 41.316913000197], [19.4500600000124, 41.316913000197]]}, "properties": {"OBJECTID": 90, "cable_id": 1296, "Name": "Italy-Albania", "color": "#0982c5", "length": "240 km", "rfs": "1997", "owners": "Telecom Italia Sparkle,  Albania Telecom", "url": null, "Symbol": 13, "year": 1997}}, {"type": "Feature", "id": 91, "geometry": {"type": "LineString", "coordinates": [[18.4857060002321, 40.1482029998477], [18.4857060002321, 39.619532999662], [19.919590999728, 39.619532999662]]}, "properties": {"OBJECTID": 91, "cable_id": 1299, "Name": "Italy-Greece 1", "color": "#0982c5", "length": "161 km", "rfs": "1995", "owners": "WIS Telecom", "url": null, "Symbol": 13, "year": 1995}}, {"type": "Feature", "id": 92, "geometry": {"type": "LineString", "coordinates": [[15.0674460002232, 37.5134479997407], [15.5596339999128, 37.0695980003329], [15.0501610002086, 36.282389000117], [14.4880519997622, 35.8919040003542]]}, "properties": {"OBJECTID": 92, "cable_id": 1301, "Name": "Italy-Malta", "color": "#4fc1af", "length": "238 km", "rfs": "1995", "owners": "Telecom Italia Sparkle,  GO plc", "url": null, "Symbol": 10, "year": 1995}}, {"type": "Feature", "id": 93, "geometry": {"type": "LineString", "coordinates": [[7.42672899964391, 43.738257999709], [8.18288099962312, 43.738257999709], [8.48375999988911, 44.305750000274]]}, "properties": {"OBJECTID": 93, "cable_id": 1302, "Name": "Italy-Monaco", "color": "#b2703f", "length": "162 km", "rfs": "1995", "owners": "Telecom Italia Sparkle,  Monaco Telecom", "url": null, "Symbol": 4, "year": 1995}}, {"type": "Feature", "id": 94, "geometry": {"type": "LineString", "coordinates": [[32.4666529998032, 34.7665719996785], [30.7382359999688, 34.7665719996785], [27.0116760000639, 35.9923139997949], [24.3955649998724, 35.735659000219], [24.0121670001523, 35.5120439998601]]}, "properties": {"OBJECTID": 94, "cable_id": 1303, "Name": "Aphrodite 2", "color": "#f04230", "length": "868 km", "rfs": "September 1994", "owners": "n.a.", "url": null, "Symbol": 6, "year": 1994}}, {"type": "Feature", "id": 95, "geometry": {"type": "LineString", "coordinates": [[34.0000499995882, 34.983209000094], [35.0946779998751, 33.0112099996488]]}, "properties": {"OBJECTID": 95, "cable_id": 1304, "Name": "CIOS", "color": "#548f51", "length": "250 km", "rfs": "April 1994", "owners": "Cyta,  KPN,  Telecom Italia Sparkle,  BT,  Orange", "url": null, "Symbol": 12, "year": 1994}}, {"type": "Feature", "id": 96, "geometry": {"type": "LineString", "coordinates": [[33.6105970000186, 34.8272780001213], [35.4851079999612, 33.8926369997686]]}, "properties": {"OBJECTID": 96, "cable_id": 1305, "Name": "CADMOS", "color": "#0982c5", "length": "230 km", "rfs": "September 1995", "owners": "Cyta,  Lebanese Ministry of Telecommunications,  OTEGLOBE,  AT&T,  BT,  Orange,  Telekom Austria,  Syrian Telecommunications Establishment,  Telecom Italia Sparkle,  Tata Communications,  Deutsche Telekom", "url": null, "Symbol": 13, "year": 1995}}, {"type": "Feature", "id": 97, "geometry": {"type": "LineString", "coordinates": [[35.8978030003841, 34.891704999767], [33.6105970000186, 34.8272780001213]]}, "properties": {"OBJECTID": 97, "cable_id": 1306, "Name": "UGARIT", "color": "#f5cb13", "length": "239 km", "rfs": "February 1995", "owners": "Cyta,  Tata Communications,  Telecom Italia Sparkle,  BT,  Telekom Austria,  OTEGLOBE,  AT&T,  Orange,  Orange Jordan,  Lebanese Ministry of Telecommunications,  SingTel,  Telefonica,  Syrian Telecommunications Establishment,  Vivacom,  Deutsche Telekom", "url": null, "Symbol": 28, "year": 1995}}, {"type": "Feature", "id": 98, "geometry": {"type": "LineString", "coordinates": [[43.1479929998946, 11.5948690002068], [45.0335380001838, 12.8008740001692]]}, "properties": {"OBJECTID": 98, "cable_id": 1307, "Name": "Aden-Djibouti", "color": "#f37380", "length": "266 km", "rfs": "1994", "owners": "Djibouti Telecom,  TeleYemen,  Tata Communications,  Orange,  Telecom Italia Sparkle", "url": null, "Symbol": 14, "year": 1994}}, {"type": "Feature", "id": 99, "geometry": {"type": "LineString", "coordinates": [[56.33372599993, 25.1216929997745], [57.6036470002203, 25.234286999899], [57.7972989999409, 25.6813269997475]]}, "properties": {"OBJECTID": 99, "cable_id": 1308, "Name": "UAE-Iran", "color": "#f594a8", "length": "170 km", "rfs": "1992", "owners": "Etisalat,  Telecommunication Infrastructure Company of Iran", "url": null, "Symbol": 31, "year": 1992}}, {"type": "Feature", "id": 100, "geometry": {"type": "LineString", "coordinates": [[1.07751499980136, 49.9232449997904], [-0.137132999721935, 50.8227439998721]]}, "properties": {"OBJECTID": 100, "cable_id": 1314, "Name": "UK-France 3", "color": "#f04230", "length": "155 km", "rfs": "1989", "owners": "BT,  Orange,  Vodafone", "url": null, "Symbol": 6, "year": 1989}}, {"type": "Feature", "id": 101, "geometry": {"type": "LineString", "coordinates": [[19.919590999728, 39.619532999662], [19.0443969999555, 39.9863259999672], [19.0443969999555, 40.9084959999783], [19.4500600000124, 41.316913000197], [18.3104130002287, 41.7406060002277], [18.1065070001362, 42.6420769998526]]}, "properties": {"OBJECTID": 101, "cable_id": 1317, "Name": "Adria-1", "color": "#b2703f", "length": "440 km", "rfs": "September 1996", "owners": "T-Hrvatski Telekom,  Albania Telecom", "url": null, "Symbol": 4, "year": 1996}}, {"type": "Feature", "id": 102, "geometry": {"type": "LineString", "coordinates": [[29.8935099997877, 31.1914690000251], [35.8978030003841, 34.891704999767]]}, "properties": {"OBJECTID": 102, "cable_id": 1319, "Name": "Aletar", "color": "#ba5aa3", "length": "787 km", "rfs": "April 1997", "owners": "Syrian Telecommunications Establishment,  Telecom Egypt,  Liban Telecom", "url": null, "Symbol": 15, "year": 1997}}, {"type": "Feature", "id": 103, "geometry": {"type": "LineString", "coordinates": [[35.8978030003841, 34.891704999767], [35.7792479997642, 34.6718549998176], [35.8592289998258, 34.4397420000654], [35.4705570000558, 34.2222460001552], [35.4851079999612, 33.8926369997686], [35.2899909998275, 33.7154120001368], [35.38637700037, 33.4501910000286]]}, "properties": {"OBJECTID": 103, "cable_id": 1321, "Name": "BERYTAR", "color": "#8dc851", "length": "134 km", "rfs": "April 1997", "owners": "Syrian Telecommunications Establishment,  Lebanese Ministry of Telecommunications", "url": null, "Symbol": 11, "year": 1997}}, {"type": "Feature", "id": 104, "geometry": {"type": "LineString", "coordinates": [[0.366675999945086, 50.8193200000618], [1.49343300005505, 50.1791759998775]]}, "properties": {"OBJECTID": 104, "cable_id": 1323, "Name": "Circe South", "color": "#0982c5", "length": "115 km", "rfs": "February 1999", "owners": "VTLWavenet,  euNetworks", "url": null, "Symbol": 13, "year": 1999}}, {"type": "Feature", "id": 105, "geometry": {"type": "LineString", "coordinates": [[1.44099100038007, 51.3585749999604], [2.9127669996456, 51.2312220001872]]}, "properties": {"OBJECTID": 105, "cable_id": 1324, "Name": "Tangerine", "color": "#895c3c", "length": "112 km", "rfs": "September 2000", "owners": "Level 3", "url": null, "Symbol": 8, "year": 2000}}, {"type": "Feature", "id": 106, "geometry": {"type": "LineString", "coordinates": [[9.99567300003529, 57.4563419999796], [8.7724309996485, 58.4619009998824]]}, "properties": {"OBJECTID": 106, "cable_id": 1326, "Name": "Denmark-Norway 5", "color": "#91a34b", "length": "130 km", "rfs": "1992", "owners": "TDC,  Telenor", "url": null, "Symbol": 2, "year": 1992}}, {"type": "Feature", "id": 107, "geometry": {"type": "LineString", "coordinates": [[8.70358400039093, 56.9593450002261], [7.99626000044356, 58.1510649998572]]}, "properties": {"OBJECTID": 107, "cable_id": 1327, "Name": "Denmark-Norway 6", "color": "#f04230", "length": "120 km", "rfs": "1992", "owners": "TDC,  Telenor", "url": null, "Symbol": 6, "year": 1992}}, {"type": "Feature", "id": 108, "geometry": {"type": "LineString", "coordinates": [[28.988236999688, 41.0406209997381], [28.988236999688, 41.3672830000607], [28.4179249999871, 41.8841770001546], [27.9854060003322, 41.8841770001546], [28.2016170001174, 42.2065310000067], [28.1308159998269, 42.8847659998648], [27.9145079999572, 43.2020440002717], [28.5632380002957, 43.2020440002717], [28.8044479996287, 43.4960060002576], [28.5881399997591, 43.8099360000381]]}, "properties": {"OBJECTID": 108, "cable_id": 1333, "Name": "KAFOS", "color": "#bd75b1", "length": "538 km", "rfs": "June 1997", "owners": "Turk Telekom,  Vivacom,  Romtelecom,  KPN,  Telecom Italia Sparkle,  Slovak Telekom,  Rostelecom,  BT,  Orange", "url": null, "Symbol": 3, "year": 1997}}, {"type": "Feature", "id": 109, "geometry": {"type": "LineString", "coordinates": [[11.2125659999464, 54.4961839999385], [11.3585620001453, 54.6630649999977]]}, "properties": {"OBJECTID": 109, "cable_id": 1336, "Name": "Fehmarn Bält", "color": "#b2703f", "length": "20 km", "rfs": "2000", "owners": "TeliaSonera", "url": null, "Symbol": 4, "year": 2000}}, {"type": "Feature", "id": 110, "geometry": {"type": "LineString", "coordinates": [[18.0627570003356, 59.3323080000364], [19.119298999961, 59.5620990001372], [22.062949000198, 59.9030089999784], [22.2985940001263, 60.305756000073]]}, "properties": {"OBJECTID": 110, "cable_id": 1340, "Name": "Sweden-Finland 6", "color": "#895c3c", "length": "175 km", "rfs": "January 1998", "owners": "TeliaSonera", "url": null, "Symbol": 8, "year": 1998}}, {"type": "Feature", "id": 111, "geometry": {"type": "LineString", "coordinates": [[34.6334480002217, 36.7999060001614], [34.6334480002217, 36.6258779999351], [33.2362810001603, 35.4762639999526], [33.2362810001603, 35.299123000102]]}, "properties": {"OBJECTID": 111, "cable_id": 1341, "Name": "Turcyos-1", "color": "#f04230", "length": "110 km", "rfs": "1993", "owners": "Turk Telekom", "url": null, "Symbol": 6, "year": 1993}}, {"type": "Feature", "id": 112, "geometry": {"type": "MultiLineString", "coordinates": [[[1.31774900023945, 51.125678000162], [1.85300300001431, 50.9530079999901]], [[4.61286400019202, 52.4609130001362], [1.72927200015213, 52.4688259999811]]]}, "properties": {"OBJECTID": 112, "cable_id": 1343, "Name": "Ulysses", "color": "#bd75b1", "length": "250 km", "rfs": "1997", "owners": "Verizon", "url": null, "Symbol": 3, "year": 1997}}, {"type": "Feature", "id": 113, "geometry": {"type": "MultiLineString", "coordinates": [[[53.0282589996961, 13.8133530003439], [44.3026800002035, 11.4652160000763], [43.8777779999973, 12.182092000065], [43.6486759998151, 12.2072910003376], [42.6129349999383, 13.9713840001226], [41.9080520001974, 15.4833500001454]], [[43.0085400003401, 14.6856530003436], [41.9080520001974, 15.4833500001454]], [[41.9080520001974, 15.4833500001454], [38.8283670002305, 20.5153179996959]], [[52.1824589998125, 16.2130080003526], [52.4323609999183, 16.2103819996917], [53.0282589996961, 13.8133530003439]], [[72.8759019996361, 19.0760740002582], [72.6090069995936, 19.0318590000316], [70.3934810001259, 18.4006050002285], [62.2690729997379, 16.2699200001361], [60.2868480000765, 23.5075970000426], [58.9368489996402, 24.0150829999129], [58.1762050001339, 23.6848789996382]], [[38.8283670002305, 20.5153179996959], [37.2196769997295, 19.615563999896]], [[38.8283670002305, 20.5153179996959], [34.7410649998561, 26.9485489996629], [33.7692889997225, 27.8789759999678], [32.9040549996958, 29.0204920002144], [32.5406760000997, 29.9742339998821]], [[39.1827610000491, 21.4815320001973], [38.8283670002305, 20.5153179996959]], [[58.1762050001339, 23.6848789996382], [58.9019859997078, 23.8751370001934], [59.6119459998552, 23.5815459998948], [61.6295230000688, 16.1046709999508], [53.0282589996961, 13.8133530003439]], [[58.1762050001339, 23.6848789996382], [57.2786470002905, 25.520249000048], [56.7430029996299, 26.973181999619], [56.2741549998046, 27.1872539996657], [56.2741549998046, 26.7683820000829], [55.2574570002586, 26.1511560000459], [53.8491570001164, 26.2046159996707], [48.4628330003642, 29.0991099997138], [48.3200920168512, 29.1796238078263]], [[60.6273749997049, 25.2586650001013], [59.7481759995788, 23.7103640002128]], [[48.6046300000407, 29.0239070003572], [48.5317780004294, 29.9236339997315], [48.3200920168512, 29.1796238078263]], [[48.3200920168512, 29.1796238078263], [48.3186919996674, 29.1746849998454]], [[48.3200920168512, 29.1796238078263], [47.9748450001237, 29.3741010003574], [49.4802149996254, 28.1101570002413], [50.2141990002506, 26.2853730002554], [50.6534559996453, 26.7349829998753], [50.5760150004225, 26.2294970000944], [51.5876349997372, 26.2591019999601], [51.5192760003762, 25.294605999856], [52.6001350003823, 25.9684180003258], [55.1494489999137, 25.9242489999574], [55.3085309996049, 25.269351000354], [55.3655619997896, 25.9242489999574], [56.1651709996664, 26.4108640003375], [56.2014019999275, 26.4108640003375], [56.2468120001349, 26.1813069998908], [56.3604839996187, 26.4088520002999], [56.4684910001388, 26.4088520002999], [58.1762050001339, 23.6848789996382]]]}, "properties": {"OBJECTID": 113, "cable_id": 1346, "Name": "FALCON", "color": "#f89635", "length": "10,300 km", "rfs": "September 2006", "owners": "Global Cloud Xchange", "url": "http://www.globalcloudxchange.com", "Symbol": 5, "year": 2006}}, {"type": "Feature", "id": 114, "geometry": {"type": "LineString", "coordinates": [[-149.447671000353, 60.1100479999516], [-149.622037000069, 59.1823979999802], [-136.045581000044, 52.4258819998394], [-127.185382999933, 47.3587690001037], [-123.923764000307, 46.1652210001181]]}, "properties": {"OBJECTID": 114, "cable_id": 1348, "Name": "Alaska United West", "color": "#0982c5", "length": "2,485 km", "rfs": "June 2004", "owners": "GCI", "url": "http://www.alaskaunited.com", "Symbol": 13, "year": 2004}}, {"type": "Feature", "id": 115, "geometry": {"type": "LineString", "coordinates": [[101.447658999554, 1.66552099968763], [101.366896999693, 1.9010510003268], [101.377443999968, 2.12757100016872], [101.53965099958, 2.25726099964419], [102.220899999729, 2.27326400027697]]}, "properties": {"OBJECTID": 115, "cable_id": 1350, "Name": "Dumai-Melaka Cable System", "color": "#f4878f", "length": "159 km", "rfs": "February 2005", "owners": "Telkom Indonesia,  Telekom Malaysia", "url": null, "Symbol": 16, "year": 2005}}, {"type": "Feature", "id": 116, "geometry": {"type": "MultiLineString", "coordinates": [[[58.1762050001339, 23.6848789996382], [59.1913791470392, 24.7406640122701]], [[59.1913791470392, 24.7406640122701], [59.19143899999, 24.7407259996782]], [[59.1913791470392, 24.7406640122701], [62.5595029996382, 24.2900679997486], [67.0285420003993, 24.8897280000177]], [[56.33372599993, 25.1216929997745], [59.1913791470392, 24.7406640122701]]]}, "properties": {"OBJECTID": 116, "cable_id": 1351, "Name": "Transworld (TW1)", "color": "#0982c5", "length": "1,300 km", "rfs": "June 2006", "owners": "TransWorld Associates (Pvt.) Limited", "url": "http://www.tw1.com", "Symbol": 13, "year": 2006}}, {"type": "Feature", "id": 117, "geometry": {"type": "LineString", "coordinates": [[78.1452339999892, 8.80249899965632], [78.5545109996891, 7.52730499965703], [79.8668150001744, 6.83309000031746]]}, "properties": {"OBJECTID": 117, "cable_id": 1356, "Name": "Bharat Lanka Cable System", "color": "#895c3c", "length": "325 km", "rfs": "June 2006", "owners": "Bharat Sanchar Nigam Ltd. (BSNL),  Sri Lanka Telecom", "url": null, "Symbol": 8, "year": 2006}}, {"type": "Feature", "id": 118, "geometry": {"type": "MultiLineString", "coordinates": [[[-0.638746463833952, 1.94531321133175], [-0.640989999967828, 1.92662199968302]], [[-0.638746463833952, 1.94531321133175], [3.4235089999444, 1.9431170004313], [3.4235089999444, 6.43906899965545]], [[-0.20432000036937, 5.55828300033293], [-0.638746463833952, 1.94531321133175]], [[-4.54440500037365, 50.8282030001144], [-13.4750139998901, 47.5439020002989], [-13.4750139998901, 37.9767699998593], [-13.0880019996286, 28.292955999961], [-19.2237399996202, 20.2846590001331], [-19.208164000416, 14.6381319999349], [-19.2076270001156, 14.4423629999124], [-10.2973309995527, 1.95053500039701], [-0.638746463833952, 1.94531321133175]]]}, "properties": {"OBJECTID": 118, "cable_id": 1357, "Name": "Glo-1", "color": "#0982c5", "length": "9,800 km", "rfs": "October 2010", "owners": "Globacom Limited", "url": "http://www.gloworld.com", "Symbol": 13, "year": 2010}}, {"type": "Feature", "id": 119, "geometry": {"type": "MultiLineString", "coordinates": [[[-76.6666199996281, 17.9497699996676], [-75.8771179998102, 17.4506489995743], [-74.8742380000505, 18.2162919998361], [-74.007343999617, 19.6957579997455]], [[-74.007343999617, 19.6957579997455], [-72.8026569996644, 18.864771999661], [-72.608662999637, 18.8650500002037]], [[-74.007343999617, 19.6957579997455], [-73.6409380000087, 20.3172649996066], [-71.3536839999627, 20.3131439997012], [-70.6911840004167, 19.7994360001768]]]}, "properties": {"OBJECTID": 119, "cable_id": 1361, "Name": "Fibralink", "color": "#895c3c", "length": "1,000 km", "rfs": "March 2006", "owners": "C&W Networks", "url": "http://www.columbus-networks.com", "Symbol": 8, "year": 2006}}, {"type": "Feature", "id": 120, "geometry": {"type": "LineString", "coordinates": [[21.5700779997198, 57.3897220001496], [19.0418579998399, 57.8629800000042], [18.8389280004389, 59.3382599998029], [18.4036739999514, 59.3382599998029], [18.0627570003356, 59.3323080000364]]}, "properties": {"OBJECTID": 120, "cable_id": 1364, "Name": "BCF-1", "color": "#b2703f", "length": "391 km", "rfs": "January 2005", "owners": "SIA Baltcom Fiber", "url": "http://www.bcfiber.lv", "Symbol": 4, "year": 2005}}, {"type": "Feature", "id": 121, "geometry": {"type": "LineString", "coordinates": [[1.69352999961253, 52.7152010000568], [1.94352999962765, 52.7152010000568], [3.5370830004173, 52.7489959999163], [4.61647700001026, 52.6165919997638]]}, "properties": {"OBJECTID": 121, "cable_id": 1365, "Name": "UK-Netherlands 14", "color": "#0982c5", "length": "208 km", "rfs": "1996", "owners": "BT,  KPN,  Vodafone", "url": null, "Symbol": 13, "year": 1996}}, {"type": "Feature", "id": 122, "geometry": {"type": "MultiLineString", "coordinates": [[[7.75544000019957, 36.9028220001508], [6.97438599985863, 39.0642780002112]], [[6.97438599985863, 39.0642780002112], [3.0357169997082, 36.7621280001328], [1.19069799956369, 36.701629000216], [-0.642015000164916, 35.7016449999102]], [[6.97438599985863, 39.0642780002112], [5.37253100008015, 43.2936270000004]]]}, "properties": {"OBJECTID": 122, "cable_id": 1366, "Name": "Med Cable Network", "color": "#8dc851", "length": "1,300 km", "rfs": "October 2005", "owners": "Orascom Telecom Holding", "url": null, "Symbol": 11, "year": 2005}}, {"type": "Feature", "id": 123, "geometry": {"type": "LineString", "coordinates": [[79.8720880003994, 6.92703699974167], [73.5000219996909, 4.16666599999001]]}, "properties": {"OBJECTID": 123, "cable_id": 1369, "Name": "Dhiraagu-SLT Submarine Cable Network", "color": "#f89635", "length": "850 km", "rfs": "February 2007", "owners": "Sri Lanka Telecom,  Dhiraagu", "url": "http://www.dhiraagu.com.mv", "Symbol": 5, "year": 2007}}, {"type": "Feature", "id": 124, "geometry": {"type": "MultiLineString", "coordinates": [[[12.3522139995549, -6.14061399961231], [11.9200849998874, -6.57280199988962], [12.3265299995687, -7.23291900016791], [12.8666669995812, -7.23291900016791], [12.542643000343, -7.55647499956731], [13.2350260003976, -8.81256499966649], [12.7775069995734, -8.6771459997908], [12.7775069995734, -9.83528300024906], [13.2422520000341, -10.7025989995894], [13.7823890000466, -10.7025989995894], [13.4078770003697, -11.8358650003637], [13.4078770003697, -12.5795899998022], [12.8677410001821, -12.5795899998022], [12.0988939996246, -13.4439119996579], [12.5310220003656, -13.8664819997928], [11.9908860001779, -13.8664819997928], [11.7239919999604, -14.7665299996599], [12.156119999803, -15.1866199997565]], [[12.3522139995549, -6.14061399961231], [11.8117850003627, -5.97843899980272], [11.8117850003627, -5.71847200036892], [12.1898119999485, -5.5561750004346], [11.6497729998452, -5.5561750004346], [11.6497729998452, -6.14061399961231], [12.3522139995549, -6.14061399961231]]]}, "properties": {"OBJECTID": 124, "cable_id": 1374, "Name": "Angola Domestic Network System (ADONES)", "color": "#f04230", "length": "1,600 km", "rfs": "2008", "owners": "Angola Telecom", "url": "http://www.angolatelecom.com", "Symbol": 6, "year": 2008}}, {"type": "Feature", "id": 125, "geometry": {"type": "LineString", "coordinates": [[16.8688119997533, 41.1257129997823], [19.2179319996429, 40.6538250000817], [19.2179319996429, 40.0339729999383], [19.9239860000691, 39.754053999908], [18.6973269996827, 39.754053999908], [18.6973269996827, 40.5715369998447], [16.8688119997533, 41.1257129997823]]}, "properties": {"OBJECTID": 125, "cable_id": 1383, "Name": "Greece-Western Europe Network (GWEN)", "color": "#bd75b1", "length": "700 km", "rfs": "June 2004", "owners": "OTEGLOBE", "url": "http://www.oteglobe.gr", "Symbol": 3, "year": 2004}}, {"type": "Feature", "id": 126, "geometry": {"type": "LineString", "coordinates": [[-5.11549799987415, 54.8440270002327], [-5.53869100016809, 54.6430370001635]]}, "properties": {"OBJECTID": 126, "cable_id": 1387, "Name": "Scotland-Northern Ireland 1", "color": "#4fc1af", "length": "35 km", "rfs": "1989", "owners": "BT", "url": null, "Symbol": 10, "year": 1989}}, {"type": "Feature", "id": 127, "geometry": {"type": "LineString", "coordinates": [[7.01745199994395, 43.5530069998316], [8.72106400039932, 42.7961890000921], [8.93717700027529, 42.6366890000265]]}, "properties": {"OBJECTID": 127, "cable_id": 1427, "Name": "Corse-Continent 4 (CC4)", "color": "#565da6", "length": "190 km", "rfs": "1992", "owners": "Orange", "url": null, "Symbol": 17, "year": 1992}}, {"type": "Feature", "id": 128, "geometry": {"type": "LineString", "coordinates": [[5.87819500014761, 43.1031930003071], [5.87819500014761, 42.9447000001355], [8.41461900000534, 41.9195019997316], [8.73874000022628, 41.9195019997316]]}, "properties": {"OBJECTID": 128, "cable_id": 1428, "Name": "Corse-Continent 5 (CC5)", "color": "#f89635", "length": "299 km", "rfs": "1995", "owners": "Orange", "url": null, "Symbol": 5, "year": 1995}}, {"type": "Feature", "id": 129, "geometry": {"type": "LineString", "coordinates": [[-16.5385860003525, 28.0467419999777], [-15.4383910001127, 28.7730629997989], [-11.094839999705, 33.8627190000308], [-11.2613439997495, 34.9148499999692], [-9.51515300017886, 35.7449330000079], [-6.08712800041791, 36.2767209996864]]}, "properties": {"OBJECTID": 129, "cable_id": 1448, "Name": "Pencan-6", "color": "#99ca3f", "length": "1,854 km", "rfs": "2000", "owners": "Telefonica", "url": null, "Symbol": 27, "year": 2000}}, {"type": "Feature", "id": 130, "geometry": {"type": "LineString", "coordinates": [[-13.6504039999779, 29.0385079998787], [-13.900403999993, 29.0385079998787], [-14.562610999636, 28.690856000013], [-14.8461069999779, 27.9577589997156], [-15.596594000095, 27.9577589997156]]}, "properties": {"OBJECTID": 130, "cable_id": 1449, "Name": "TRANSCAN-3", "color": "#f89635", "length": "210 km", "rfs": "2000", "owners": "Telefonica", "url": null, "Symbol": 5, "year": 2000}}, {"type": "Feature", "id": 131, "geometry": {"type": "MultiLineString", "coordinates": [[[-157.696004999699, 21.2775619997678], [-157.696004999699, 21.1739689996934], [-157.27989200035, 21.0011209998434], [-157.007334000095, 21.0115140001182], [-156.897276000254, 21.0001180000916], [-156.753573999949, 20.8801819999628], [-156.713096000383, 20.7821549999838], [-156.563193999564, 20.6885409998777], [-156.463096000368, 20.7821549999838], [-156.513193999921, 20.6417579999965], [-156.463096000368, 20.5482410001059], [-156.139023999652, 20.3160740000819], [-155.831406999646, 20.0399870000419]], [[-159.368562999859, 21.9749429999337], [-159.268464999764, 21.8820880003446], [-159.031746999958, 21.455811999619], [-158.343514999847, 21.2337850001162], [-158.119490999896, 21.3397019996216]]]}, "properties": {"OBJECTID": 131, "cable_id": 1455, "Name": "HICS (Hawaii Inter-Island Cable System)", "color": "#f04230", "length": "479.081 km", "rfs": "July 1994", "owners": "Hawaiian Telcom", "url": null, "Symbol": 6, "year": 1994}}, {"type": "Feature", "id": 132, "geometry": {"type": "MultiLineString", "coordinates": [[[-156.759726999707, 20.6364580002393], [-156.896885000442, 20.7464510000236]], [[-156.759726999707, 20.6364580002393], [-156.463096000368, 20.7821549999838], [-156.502646999646, 20.5176040002182], [-156.173593999682, 20.2821860001519], [-155.831406999646, 20.0399870000419]], [[-157.552207000032, 20.7327519996243], [-157.347324000321, 20.5623219999012], [-156.896885000442, 20.5623219999012], [-156.759726999707, 20.6364580002393]], [[-157.552207000032, 20.7327519996243], [-157.134189000054, 20.9744059997639], [-157.023886999816, 21.0933559996715]], [[-157.696004999699, 21.2775619997678], [-157.746005000241, 21.1739689996934], [-157.746005000241, 20.8938680000638], [-157.552207000032, 20.7327519996243]], [[-159.368562999859, 21.9749429999337], [-159.179597999659, 21.9246729999222], [-158.96123899957, 21.531594000378], [-158.456064000122, 21.460265999973], [-158.206014999704, 21.4605389998927]]]}, "properties": {"OBJECTID": 132, "cable_id": 1456, "Name": "HIFN (Hawaii Island Fibre Network)", "color": "#f89635", "length": "529 km", "rfs": "June 1997", "owners": "TW Telecom,  Hawaiian Telcom", "url": null, "Symbol": 5, "year": 1997}}, {"type": "Feature", "id": 133, "geometry": {"type": "LineString", "coordinates": [[146.119696999933, -38.8198780001854], [145.623799000341, -40.9504989997948]]}, "properties": {"OBJECTID": 133, "cable_id": 1472, "Name": "Bass Strait-1", "color": "#548f51", "length": "241 km", "rfs": "1995", "owners": "Telstra", "url": null, "Symbol": 12, "year": 1995}}, {"type": "Feature", "id": 134, "geometry": {"type": "LineString", "coordinates": [[171.707373999729, -43.4941860002475], [172.232569000024, -43.8875679998369], [173.237452000322, -44.1325510001127], [174.524950999631, -41.8098520002776], [174.312450999574, -41.5272459997222], [173.58071300006, -41.5272459997222], [174.606201000288, -41.3892150002908], [174.767138000379, -41.2805460001674], [174.767138000379, -40.1490470003006], [175.618212000313, -39.6254239998128], [174.634422999666, -40.008867000322], [173.916650000252, -39.7913799997909], [173.621045000036, -39.5198879997716], [173.621045000036, -39.3652850000984], [174.371532999978, -39.2878549999545], [173.621045000036, -39.2103389997974], [173.621045000036, -39.0550510000059], [174.384227999658, -38.0736460002849], [175.534911000336, -37.9158789999506], [174.384227999658, -37.9158789999506], [174.294481999844, -37.2332330002381], [174.770458000295, -36.8841800001098]]}, "properties": {"OBJECTID": 134, "cable_id": 1487, "Name": "Aqualink", "color": "#f04230", "length": "n.a.", "rfs": "December 2001", "owners": "Telstra", "url": null, "Symbol": 6, "year": 2001}}, {"type": "Feature", "id": 135, "geometry": {"type": "LineString", "coordinates": [[145.729657999659, -38.6333000003448], [145.294111999992, -40.7602270001629]]}, "properties": {"OBJECTID": 135, "cable_id": 1492, "Name": "Bass Strait-2", "color": "#1ca5de", "length": "239 km", "rfs": "2003", "owners": "Telstra", "url": null, "Symbol": 19, "year": 2003}}, {"type": "Feature", "id": 136, "geometry": {"type": "LineString", "coordinates": [[-68.2766350001958, 12.1510669996205], [-68.7853260002756, 11.9714299996501], [-68.8920159996222, 11.9878610000269], [-68.892650000007, 12.0904369996532]]}, "properties": {"OBJECTID": 136, "cable_id": 1494, "Name": "Amerigo Vespucci", "color": "#f4878f", "length": "85 km", "rfs": "1999", "owners": "Antelecom", "url": null, "Symbol": 16, "year": 1999}}, {"type": "Feature", "id": 137, "geometry": {"type": "MultiLineString", "coordinates": [[[103.987012000413, 1.38944699996311], [104.154395000166, 1.1977969997684], [104.332227000285, 1.21224700004634], [105.149706999983, 1.39647700038214], [104.799706999782, 2.58001899958936], [103.850683999882, 2.29570699985265], [107.766306000071, 5.23987900030768]], [[107.766306000071, 5.23987900030768], [109.963960999718, 6.88651299968404], [110.061226999794, 7.27377100011549]], [[110.061226999794, 7.27377100011549], [114.885636999992, 4.92676000037032]], [[110.061226999794, 7.27377100011549], [110.631245999592, 9.53153799966273]], [[110.631245999592, 9.53153799966273], [113.949114999603, 22.2714919997662], [115.759172000081, 18.5815739999024], [120.389734999666, 16.5825910002414], [120.095204000051, 17.1429570004102], [120.095204000051, 18.5247290003], [121.14637500044, 19.1207380002719], [144.786494999615, 13.4464479998916], [146.15329100017, 12.9927830002465], [179.999947000393, 18.1768640000327]], [[107.079197999891, 10.342133999581], [110.631245999592, 9.53153799966273]], [[100.930569000401, 13.1743689998598], [100.703323000444, 12.9485309998201], [107.766306000071, 5.23987900030768]], [[-179.999944999845, 18.1628530002784], [-158.151717999628, 21.4260890001637], [-158.236629999608, 21.346522999945], [-157.900546000001, 21.1133080000448], [-147.027800000402, 26.0417930000364], [-139.250217999889, 26.0417930000364], [-120.662535999595, 35.285572000213]]]}, "properties": {"OBJECTID": 137, "cable_id": 1507, "Name": "Asia-America Gateway (AAG) Cable System", "color": "#f4878f", "length": "20,000 km", "rfs": "November 2009", "owners": "Telekom Malaysia,  AT&T,  Starhub,  PLDT,  Communications Authority of Thailand,  Airtel (Bharti),  Telstra,  Telkom Indonesia,  BT,  Eastern Telecom,  PT Indonesia Satellite Corp.,  Spark New Zealand,  Viettel Corporation,  Saigon Postel Corporation,  Vietnam Telecom International,  Brunei International Gateway,  BayanTel", "url": "http://www.asia-america-gateway.com", "Symbol": 16, "year": 2009}}, {"type": "Feature", "id": 138, "geometry": {"type": "MultiLineString", "coordinates": [[[-73.682978999897, 20.950513000016], [-73.682978999897, 18.9075529999134], [-72.8343469999947, 18.6119319999512], [-72.5102750001775, 18.6119319999512], [-72.3431359999233, 18.5428770003277]], [[-73.682978999897, 20.950513000016], [-75.7333679998239, 22.1832619999726], [-75.3752630002778, 23.7332520002055], [-74.8404980002245, 23.6522330003161]], [[-73.682978999897, 20.950513000016], [-73.0641320000671, 22.4017460003669], [-73.6787800002728, 22.7658420000276], [-73.9654009996381, 22.7363030001899], [-74.0620800000836, 22.6449440000246], [-74.1950390002958, 22.6298919996597], [-74.3638380000585, 22.4976869998804], [-74.4501660000477, 22.5591159998771], [-74.5257030002628, 24.0526319996063]], [[-74.8404980002245, 23.6522330003161], [-75.3858590000582, 23.7697210004098], [-75.78014600036, 23.5165519996592], [-76.0029969999757, 24.923564000004], [-76.1278989996249, 25.1481269996892], [-76.2406429998944, 25.1962069997348]], [[-74.5257030002628, 24.0526319996063], [-74.9661809996732, 23.0983429996082], [-74.8404980002245, 23.6522330003161]], [[-74.5257030002628, 24.0526319996063], [-75.5258980003169, 24.4033289996004], [-75.7599310004174, 24.5442949997593], [-76.1326360002727, 25.1962069997348], [-76.2406429998944, 25.1962069997348]], [[-77.3402029999245, 25.067215000301], [-77.1868830001798, 25.0451869996097], [-77.1868830001798, 24.9467649998579], [-77.8445969995725, 24.6897170003867]], [[-77.3402029999245, 25.067215000301], [-77.4402030001102, 25.2225370002255], [-78.5212570001099, 26.3160140002604], [-78.7367349997761, 26.516995999796], [-77.3995289998274, 26.0252969997797], [-77.3995289998274, 25.8298819999799], [-76.8311700004363, 25.7120380002631], [-76.2406429998944, 25.2944289997462], [-76.2406429998944, 25.1962069997348]], [[-76.2406429998944, 25.1962069997348], [-77.3402029999245, 25.067215000301]]]}, "properties": {"OBJECTID": 138, "cable_id": 1510, "Name": "Bahamas Domestic Submarine Network (BDSNi)", "color": "#0982c5", "length": "2,817 km", "rfs": "2006", "owners": "Bahamas Telecommunications Company,  Teleco", "url": "http://www.btcbahamas.com", "Symbol": 13, "year": 2006}}, {"type": "Feature", "id": 139, "geometry": {"type": "LineString", "coordinates": [[-6.03576100027039, 35.4706179996911], [-5.94782200027819, 35.8899260002133], [-5.03405300012262, 35.9341390003443], [-4.62565500013151, 35.4126970000093], [4.97770700037628, 39.3624680000695], [5.37253100008015, 43.2936270000004]]}, "properties": {"OBJECTID": 139, "cable_id": 1512, "Name": "Atlas Offshore", "color": "#ffd633", "length": "1,634 km", "rfs": "July 2007", "owners": "Maroc Telecom", "url": "http://www.maroctelecom.ma", "Symbol": 18, "year": 2007}}, {"type": "Feature", "id": 140, "geometry": {"type": "MultiLineString", "coordinates": [[[129.023369519113, 29.8700892094526], [130.617071999566, 29.5000580000012], [135.358766999593, 30.9388450001132]], [[129.023369519113, 29.8700892094526], [130.913678715647, 31.0101396609611]], [[135.358766999593, 30.9388450001132], [130.913678715647, 31.0101396609611]], [[135.358766999593, 30.9388450001132], [143.207198999901, 33.2729530001193], [157.207971000326, 39.156345000264], [179.999947000393, 39.1559660001287]], [[130.913678715647, 31.0101396609611], [130.913751000383, 31.0101830000069]], [[130.913678715647, 31.0101396609611], [127.862287999794, 31.0590500003675], [128.620783999896, 34.8807300002489], [127.680842999857, 33.9978719999621], [124.76424400011, 33.9978719999621], [120.342469000132, 36.0873099999958], [126.495395000054, 30.4542400001766]], [[121.411557279749, 31.6161075687127], [122.677428999928, 30.5342649996383], [121.462586000411, 25.1817150000952], [129.023369519113, 29.8700892094526]], [[121.411557279749, 31.6161075687127], [126.495004000242, 30.4543240000771], [129.023369519113, 29.8700892094526]], [[121.408191000427, 31.618967999964], [121.411557279749, 31.6161075687127]], [[121.395300999855, 31.6198000003291], [121.411557279749, 31.6161075687127]], [[139.816967000001, 35.0375189997326], [137.152515999674, 31.8803859996922], [134.290311000087, 30.9560139997788]], [[-179.999944999845, 39.156345000264], [-139.250217999889, 39.156345000264], [-128.318389999886, 43.5994170001908], [-123.940169999715, 45.644014999771]]]}, "properties": {"OBJECTID": 140, "cable_id": 1513, "Name": "Trans-Pacific Express (TPE) Cable System", "color": "#8dc851", "length": "17,000 km", "rfs": "August 2008", "owners": "China Telecom,  China Unicom,  Chunghwa Telecom,  KT,  Verizon,  NTT,  AT&T", "url": "http://tpecable.org", "Symbol": 11, "year": 2008}}, {"type": "Feature", "id": 141, "geometry": {"type": "LineString", "coordinates": [[151.206997999645, -33.8695549997523], [166.341752999816, -22.3003449998732]]}, "properties": {"OBJECTID": 141, "cable_id": 1514, "Name": "Gondwana-1", "color": "#f04230", "length": "2,151 km", "rfs": "September 2008", "owners": "OPT", "url": "http://telecom.opt.nc", "Symbol": 6, "year": 2008}}, {"type": "Feature", "id": 142, "geometry": {"type": "LineString", "coordinates": [[39.6728980004179, -4.05292699964146], [43.8351989999837, -3.48297299967884], [48.8921290001883, 2.62274799996215], [53.1746459997073, 11.7704519997614], [64.2276649996321, 14.6027909997892], [61.7612610002653, 23.5108210003013], [56.33372599993, 25.1216929997745]]}, "properties": {"OBJECTID": 142, "cable_id": 1516, "Name": "The East African Marine System (TEAMS)", "color": "#f5cb13", "length": "4,900 km", "rfs": "October 2009", "owners": "Etisalat,  TEAMS Ltd.", "url": null, "Symbol": 28, "year": 2009}}, {"type": "Feature", "id": 143, "geometry": {"type": "MultiLineString", "coordinates": [[[75.3614470001413, 6.6565859998752], [75.3616409149701, 6.6565976295858]], [[75.3616409149701, 6.6565976295858], [73.5000219996909, 4.16666599999001]], [[75.3616409149701, 6.6565976295858], [79.8720880003994, 6.92703699974167]], [[76.9702349996532, 8.79815600042278], [75.3616409149701, 6.6565976295858]]]}, "properties": {"OBJECTID": 143, "cable_id": 1517, "Name": "WARF Submarine Cable", "color": "#ffd633", "length": "680 km", "rfs": "March 2007", "owners": "Wataniya Telecom Maldives,  Focus Infocom,  Global Cloud Xchange", "url": null, "Symbol": 18, "year": 2007}}, {"type": "Feature", "id": 144, "geometry": {"type": "LineString", "coordinates": [[132.87400399961, 42.8126679997415], [136.391970000077, 39.7214620000897], [138.24196799982, 37.1699709997178], [136.856031999749, 39.916479999783], [132.87400399961, 42.8126679997415]]}, "properties": {"OBJECTID": 144, "cable_id": 1518, "Name": "Russia-Japan Cable Network (RJCN)", "color": "#4fc1af", "length": "1,800 km", "rfs": "September 2008", "owners": "Rostelecom,  KDDI", "url": null, "Symbol": 10, "year": 2008}}, {"type": "Feature", "id": 145, "geometry": {"type": "MultiLineString", "coordinates": [[[151.206997999645, -33.8695549997523], [154.432973000437, -30.983587999682], [154.399574000194, -11.9893240002816], [147.813055000017, -5.59961999995153], [147.690674547116, -4.84928723282056]], [[145.784737000258, -5.23368500039142], [147.690674547116, -4.84928723282056]], [[147.690674547116, -4.84928723282056], [147.715984999759, -4.84418099961336]], [[147.690674547116, -4.84928723282056], [144.694697999582, 13.4647779998981]]]}, "properties": {"OBJECTID": 145, "cable_id": 1520, "Name": "PIPE Pacific Cable-1 (PPC-1)", "color": "#1ca5de", "length": "6,900 km", "rfs": "October 2009", "owners": "TPG", "url": "http://www.pipeinternational.com", "Symbol": 19, "year": 2009}}, {"type": "Feature", "id": 146, "geometry": {"type": "MultiLineString", "coordinates": [[[28.2563040001802, 32.4408139996897], [29.8935099997877, 31.1914690000251]], [[32.4666529998032, 34.7665719996785], [29.6456589999009, 32.8418609999705], [28.2563040001802, 32.4408139996897]], [[5.37253100008015, 43.2936270000004], [8.20270499975352, 37.2729299997675], [11.2032890000909, 37.2680340002892], [11.4534840000997, 37.0453609998916], [11.167448999642, 36.7366979997533], [11.2520190002134, 36.2978169996439], [13.1451819997763, 34.7002809997091], [17.2818979999884, 34.1496220000245], [17.382776999883, 33.978601000325], [28.2563040001802, 32.4408139996897]]]}, "properties": {"OBJECTID": 146, "cable_id": 1523, "Name": "Hawk", "color": "#38bced", "length": "3,400 km", "rfs": "2011", "owners": "Global Cloud Xchange", "url": "http://www.globalcloudxchange.com", "Symbol": 9, "year": 2011}}, {"type": "Feature", "id": 147, "geometry": {"type": "MultiLineString", "coordinates": [[[-179.999944999845, 29.5000580000012], [-139.250217999889, 29.5000580000012], [-118.388024999808, 33.8446339999537]], [[139.954857999956, 34.9765679998755], [143.68219899966, 31.0506840001005], [157.260119000273, 29.5000580000012], [179.999947000393, 29.4969980001396]]]}, "properties": {"OBJECTID": 147, "cable_id": 1525, "Name": "Unity/EAC-Pacific", "color": "#a6459a", "length": "9,620 km", "rfs": "March 2010", "owners": "Telstra,  Google,  Global Transit,  SingTel,  KDDI,  Airtel (Bharti)", "url": "http://unity-cable-system.com", "Symbol": 30, "year": 2010}}, {"type": "Feature", "id": 148, "geometry": {"type": "MultiLineString", "coordinates": [[[151.228483000007, -33.8820420001482], [179.999947000393, -20.8317520003031]], [[-179.999944999845, -20.8455330001541], [-158.151717999628, 21.4260890001637]]]}, "properties": {"OBJECTID": 148, "cable_id": 1526, "Name": "Telstra Endeavour", "color": "#ffd633", "length": "9,125 km", "rfs": "September 2008", "owners": "Telstra", "url": "http://www.telstrawholesale.com", "Symbol": 18, "year": 2008}}, {"type": "Feature", "id": 149, "geometry": {"type": "LineString", "coordinates": [[147.117547999865, -9.4340900002781], [147.117547999865, -11.1536420002824], [152.070767000157, -11.1536420002824], [154.085120999641, -13.0879490000822], [154.085120999641, -30.9492559998912], [151.206997999645, -33.8695549997523]]}, "properties": {"OBJECTID": 149, "cable_id": 1527, "Name": "Australia-Papua New Guinea-2 (APNG-2)", "color": "#91a34b", "length": "1,800 km", "rfs": "2006", "owners": "Telikom Papua New Guinea,  Telstra", "url": "http://www.telikompng.com.pg", "Symbol": 2, "year": 2006}}, {"type": "Feature", "id": 150, "geometry": {"type": "LineString", "coordinates": [[141.315403999769, 43.1711770001042], [140.589232000383, 45.7042000003031], [141.859348999593, 46.6848509999483]]}, "properties": {"OBJECTID": 150, "cable_id": 1528, "Name": "Hokkaido-Sakhalin Cable System (HSCS)", "color": "#91a34b", "length": "570 km", "rfs": "July 2008", "owners": "NTT,  TTK", "url": null, "Symbol": 2, "year": 2008}}, {"type": "Feature", "id": 151, "geometry": {"type": "MultiLineString", "coordinates": [[[-75.7123720000817, 19.9637299999459], [-74.4654490002472, 15.3820600004034], [-68.8606190000933, 11.7972189998866], [-66.8896239996988, 10.6035260000083]], [[-75.828924999988, 20.0293439999903], [-77.1032399998961, 18.3986590003314]]]}, "properties": {"OBJECTID": 151, "cable_id": 1529, "Name": "ALBA-1", "color": "#f04230", "length": "1,860 km", "rfs": "August 2012", "owners": "Transbit,  Telecom Venezuela", "url": null, "Symbol": 6, "year": 2012}}, {"type": "Feature", "id": 152, "geometry": {"type": "LineString", "coordinates": [[-149.447671000353, 60.1100479999516], [-152.329065999686, 57.4244929997672], [-151.994153999691, 57.9045670001963], [-152.395178999733, 57.7944219998077], [-151.831507999687, 58.1734230002048], [-152.61427099994, 59.3312369999083], [-151.544252000112, 59.6465670001919], [-151.904750000184, 59.6834840000939], [-152.049768999866, 59.8237039998987], [-151.563929999754, 60.4125890000955], [-151.268715000424, 60.5531040002039], [-151.591859000128, 60.7090699998156], [-151.591859000128, 60.8674670001343], [-149.858412999568, 61.2175570000344]]}, "properties": {"OBJECTID": 152, "cable_id": 1530, "Name": "Kodiak Kenai Fiber Link (KKFL)", "color": "#ffd633", "length": "966 km", "rfs": "January 2007", "owners": "GCI", "url": "http://www.alaskaunited.com", "Symbol": 18, "year": 2007}}, {"type": "Feature", "id": 153, "geometry": {"type": "LineString", "coordinates": [[-61.6492960001456, 10.6876960000361], [-61.6492960001456, 11.3426830001842], [-64.4320090002909, 11.3426830001842], [-65.3518809999766, 11.0235680000857], [-68.9240959999398, 11.9745829996717], [-68.892650000007, 12.0904369996532]]}, "properties": {"OBJECTID": 153, "cable_id": 1532, "Name": "ECLink", "color": "#6c70b5", "length": "987 km", "rfs": "October 2007", "owners": "C&W Networks", "url": "http://www.columbus-networks.com", "Symbol": 7, "year": 2007}}, {"type": "Feature", "id": 154, "geometry": {"type": "MultiLineString", "coordinates": [[[115.154485000344, 9.37172600009979], [110.635835999927, 4.24107499956352], [104.367676000024, 1.31046600039231], [104.182618000268, 1.2763920003552], [103.987012000413, 1.38944699996311]], [[107.079197999891, 10.342133999581], [115.154485000344, 9.37172600009979]], [[120.67861492151, 19.1643634737395], [118.328310999568, 17.8254220000216], [118.013272000107, 15.4532320000061], [117.269131999917, 11.7490359996604], [115.154485000344, 9.37172600009979]], [[120.67861492151, 19.1643634737395], [121.513073999952, 18.4183029995789]], [[120.678602000143, 19.1643750001884], [120.67861492151, 19.1643634737395]], [[121.259035845461, 19.4933863894255], [120.67861492151, 19.1643634737395]], [[121.259035845461, 19.4933863894255], [121.541297000054, 19.4496219996745]], [[114.183977999907, 22.2496199996262], [118.060927999629, 19.9884189999163], [121.259035845461, 19.4933863894255]], [[141.476145999867, 23.3055940001138], [129.610528999759, 21.6794990001811], [125.468931000033, 18.8465659996976], [121.267272999561, 19.4980509998152], [121.259035845461, 19.4933863894255]]]}, "properties": {"OBJECTID": 154, "cable_id": 1534, "Name": "Tata TGN-Intra Asia (TGN-IA)", "color": "#38bced", "length": "6,700 km", "rfs": "March 2009", "owners": "Tata Communications", "url": "http://www.tatacommunications.com", "Symbol": 9, "year": 2009}}, {"type": "Feature", "id": 155, "geometry": {"type": "MultiLineString", "coordinates": [[[105.640917000229, 1.2366560003038], [107.026854000125, -1.40207099963629], [107.026854000125, -4.57468399989861], [106.936326999614, -5.32197999976392], [106.833397000398, -6.17158700020941]], [[105.640917000229, 1.2366560003038], [104.346973000184, 1.25325300005601], [104.166114000053, 1.23060199974051], [104.019922000036, 1.21263800033361], [103.962597999948, 1.1347250003427]], [[103.987012000413, 1.38944699996311], [104.194434000239, 1.30919600042993], [104.382421999923, 1.35147000003147], [105.553123999827, 1.40370099986304], [105.640917000229, 1.2366560003038]]]}, "properties": {"OBJECTID": 155, "cable_id": 1535, "Name": "Matrix Cable System", "color": "#f89635", "length": "1,055 km", "rfs": "August 2008", "owners": "Matrix Networks Pte. Ltd.", "url": "http://www.matrixnetworks.sg", "Symbol": 5, "year": 2008}}, {"type": "Feature", "id": 156, "geometry": {"type": "MultiLineString", "coordinates": [[[64.3351850000804, 16.1898450003334], [67.8073499996292, 17.0859319996768]], [[67.8073499996292, 17.0859319996768], [70.5427000001558, 17.7889750002623], [72.5782450002744, 18.8877810001508], [72.8759019996361, 19.0760740002582]], [[38.3642069997508, 21.8034079998004], [42.1428180004168, 15.6607689996157], [42.7040480002559, 13.9526200003307], [43.6819770001483, 12.2951850003426], [44.0976019996008, 12.3049169996659], [44.4683039998159, 11.6755019997841], [45.8116630004218, 11.3442149999542], [64.3351850000804, 16.1898450003334]], [[38.3642069997508, 21.8034079998004], [39.1827610000491, 21.4815320001973]], [[67.0285420003993, 24.8897280000177], [67.8073499996292, 17.0859319996768]], [[56.33372599993, 25.1216929997745], [62.1627259996246, 23.8148459997089], [64.3351850000804, 16.1898450003334]], [[32.5299339998312, 29.9725420001967], [32.8921409998154, 28.9731720000829], [33.8829600002798, 27.8148199998808], [34.990674000059, 27.0809650000539], [38.3642069997508, 21.8034079998004]], [[32.5299339998312, 29.9725420001967], [32.0996610003889, 30.6501039996416], [30.7990759997904, 31.2490929999392], [29.8935099997877, 31.1914690000251]], [[29.8935099997877, 31.1914690000251], [30.7481970004378, 31.1673230000922], [32.048782000138, 30.5676519997952], [32.5299339998312, 29.9725420001967]], [[28.58921400036, 32.3624840001684], [29.8935099997877, 31.1914690000251]], [[35.8592289998258, 34.4397420000654], [32.2955590003223, 32.8156839998376], [28.58921400036, 32.3624840001684]], [[16.692347999963, 35.1212720000877], [17.4804329999467, 34.0940010000669], [28.3239799996509, 32.5989140000619], [28.58921400036, 32.3624840001684]], [[15.0674460002232, 37.5134479997407], [16.692347999963, 35.1212720000877]], [[5.37253100008015, 43.2936270000004], [8.35485299988634, 37.4269510002025], [11.3994799999272, 37.4197380003027], [13.6359040001261, 35.5778359998939], [16.692347999963, 35.1212720000877]]]}, "properties": {"OBJECTID": 156, "cable_id": 1536, "Name": "IMEWE", "color": "#565da6", "length": "12,091 km", "rfs": "December 2010", "owners": "Telecom Italia Sparkle,  Etisalat,  Tata Communications,  Pakistan Telecommunications Company Ltd.,  Orange,  Airtel (Bharti),  Saudi Telecom,  Ogero,  Telecom Egypt", "url": "http://imewecable.com", "Symbol": 17, "year": 2010}}, {"type": "Feature", "id": 157, "geometry": {"type": "LineString", "coordinates": [[1.62028800001391, 52.20721199996], [1.77868599998988, 52.1706919998346], [1.61325700037114, 52.1809320001416], [3.20690800017181, 51.3309420002551], [3.84245400021042, 51.9886629999192], [4.52721900009311, 52.3707039999292], [1.62028800001391, 52.20721199996]]}, "properties": {"OBJECTID": 157, "cable_id": 1538, "Name": "Concerto", "color": "#f04230", "length": "550 km", "rfs": "1999", "owners": "Interoute", "url": null, "Symbol": 6, "year": 1999}}, {"type": "Feature", "id": 158, "geometry": {"type": "LineString", "coordinates": [[1.44099100038007, 51.3585749999604], [2.96188900030364, 51.2466600001434]]}, "properties": {"OBJECTID": 158, "cable_id": 1539, "Name": "Pan European Crossing (UK-Belgium)", "color": "#ffd633", "length": "117 km", "rfs": "1999", "owners": "Level 3", "url": null, "Symbol": 18, "year": 1999}}, {"type": "Feature", "id": 159, "geometry": {"type": "LineString", "coordinates": [[12.9555339996861, 55.7705779998632], [12.5455730002709, 55.7207779998491]]}, "properties": {"OBJECTID": 159, "cable_id": 1541, "Name": "Danica North", "color": "#f04230", "length": "25 km", "rfs": "1998", "owners": "TeliaSonera", "url": null, "Symbol": 6, "year": 1998}}, {"type": "Feature", "id": 160, "geometry": {"type": "LineString", "coordinates": [[12.6404950002253, 56.0706919997564], [12.695768000094, 56.0439189999357], [12.6702799999264, 56.0055539997553], [12.6132489997416, 56.0333900001844], [12.6404950002253, 56.0706919997564]]}, "properties": {"OBJECTID": 160, "cable_id": 1544, "Name": "Scandinavian Ring North", "color": "#8dc851", "length": "5 km", "rfs": "2000", "owners": "TeliaSonera", "url": null, "Symbol": 11, "year": 2000}}, {"type": "Feature", "id": 161, "geometry": {"type": "LineString", "coordinates": [[12.6702799999264, 55.5937359999452], [12.8168619999312, 55.5876649999316], [12.9188150004266, 55.5568020000069], [12.795573000286, 55.5448140000015], [12.6702799999264, 55.5937359999452]]}, "properties": {"OBJECTID": 161, "cable_id": 1545, "Name": "Scandinavian Ring South", "color": "#0982c5", "length": "21 km", "rfs": "2000", "owners": "TeliaSonera", "url": null, "Symbol": 13, "year": 2000}}, {"type": "Feature", "id": 162, "geometry": {"type": "MultiLineString", "coordinates": [[[-4.54440500037365, 50.8282030001144], [-6.36486299973996, 52.4017569999832]], [[-6.55880800026187, 52.1842560000565], [-5.72516599975779, 50.7205020002254], [-5.69845699957452, 50.0786970000717]]]}, "properties": {"OBJECTID": 162, "cable_id": 1547, "Name": "Pan European Crossing (UK-Ireland)", "color": "#ffd633", "length": "495 km", "rfs": "September 2000", "owners": "Level 3", "url": null, "Symbol": 18, "year": 2000}}, {"type": "Feature", "id": 163, "geometry": {"type": "LineString", "coordinates": [[-74.0470899997871, 40.1234899999588], [-65.2875749997515, 33.2766270002456], [-64.8106710000864, 32.2477530000134]]}, "properties": {"OBJECTID": 163, "cable_id": 1551, "Name": "Gemini Bermuda", "color": "#38bced", "length": "1,287 km", "rfs": "October 2007", "owners": "C&W Networks", "url": "http://www.cwc.com", "Symbol": 9, "year": 2007}}, {"type": "Feature", "id": 164, "geometry": {"type": "MultiLineString", "coordinates": [[[36.447802000233, -26.0039100002343], [34.5903820001364, -29.1660989996791], [31.7579620002504, -28.9505550000196]], [[32.5806180000884, -25.9682700003115], [36.447802000233, -26.0039100002343]], [[42.873970000125, -6.79540000042033], [39.2696749998442, -6.82313199991862]], [[42.873970000125, -6.79540000042033], [41.4960410003881, -16.987173999867], [36.447802000233, -26.0039100002343]], [[43.2483830000677, -3.97158399987161], [39.6728980004179, -4.05292699964146]], [[43.2483830000677, -3.97158399987161], [42.873970000125, -6.79540000042033]], [[43.1479929998946, 11.5948690002068], [44.1271910003816, 12.0205299996719]], [[44.1271910003816, 12.0205299996719], [43.9999449997121, 12.2261900001175], [43.6837349995661, 12.2482360002177], [42.6638140001892, 13.9651299999088], [42.0354939997871, 15.5448899997839], [38.2499489995627, 21.713525000288]], [[52.7235719996183, 13.0030590000178], [45.8820730000017, 11.2272830001534], [45.23500300007, 11.205922000373], [44.3868590000644, 11.6005130003976], [44.1271910003816, 12.0205299996719]], [[52.7235719996183, 13.0030590000178], [52.9126339999025, 12.2596869996058], [48.55970799973, 2.89265000001885], [43.3163520003396, -3.45850600043666], [43.2483830000677, -3.97158399987161]], [[72.8759019996361, 19.0760740002582], [72.6050029999632, 18.9323110000088], [70.6928949999788, 17.605789999602], [63.3880180004055, 15.7470710000359], [52.7235719996183, 13.0030590000178]], [[38.2499489995627, 21.713525000288], [39.1827610000491, 21.4815320001973]], [[38.2499489995627, 21.713525000288], [34.8792489997144, 26.9992019999705], [33.9032730001317, 27.7308329998505], [33.3022970001225, 28.2762730003882], [32.6137229997047, 29.1042299996135]]]}, "properties": {"OBJECTID": 164, "cable_id": 1552, "Name": "SEACOM/Tata TGN-Eurasia", "color": "#1ca5de", "length": "15,000 km", "rfs": "July 2009", "owners": "Industrial Promotion Services,  Remgro Limited,  Herakles Telecom LLC,  Convergence Partners,  Shanduka,  Tata Communications", "url": "http://www.seacom.mu", "Symbol": 19, "year": 2009}}, {"type": "Feature", "id": 165, "geometry": {"type": "MultiLineString", "coordinates": [[[-74.7460640001668, 17.4921009997633], [-75.9343449998135, 17.918366000133], [-76.1843440000037, 17.918366000133]], [[-80.0889319998463, 26.3505859996049], [-77.7009450003938, 25.0518219997437], [-74.0855670002609, 20.7728419998545], [-74.6540720001403, 18.027419000112], [-75.6846379997014, 11.9431510000337], [-75.5057319998798, 10.3868030001093]]]}, "properties": {"OBJECTID": 165, "cable_id": 1554, "Name": "Colombia-Florida Subsea Fiber (CFX-1)", "color": "#ffd633", "length": "2,400 km", "rfs": "August 2008", "owners": "C&W Networks", "url": "http://www.columbus-networks.com", "Symbol": 18, "year": 2008}}, {"type": "Feature", "id": 166, "geometry": {"type": "LineString", "coordinates": [[11.0908870001281, 36.8499359997228], [11.4410820003226, 36.6779789997956], [12.1730149998304, 37.4575770002375], [12.1056320002627, 37.8188720001339], [12.5137370003508, 38.018250000139]]}, "properties": {"OBJECTID": 166, "cable_id": 1555, "Name": "Trapani-Kelibia", "color": "#f37380", "length": "209 km", "rfs": "November 1995", "owners": "Tunisia Telecom,  Telecom Italia Sparkle", "url": null, "Symbol": 14, "year": 1995}}, {"type": "Feature", "id": 167, "geometry": {"type": "LineString", "coordinates": [[-155.856358000412, 20.0037440003449], [-156.291464999688, 18.7014039999451], [-149.441080000028, -17.5121529997008], [-149.57482000004, -17.3544159998144], [-149.829506999576, -17.5383210000236], [-149.724379999653, -17.3230010000346], [-150.675600000261, -16.7295999998778], [-150.999964999981, -16.7295999998778], [-150.928382999891, -16.3846589999436], [-151.14464300008, -16.3846589999436], [-151.44298300023, -16.730535000271], [-151.373987999936, -16.3194400003439], [-151.749476000305, -16.5058559998525]]}, "properties": {"OBJECTID": 167, "cable_id": 1556, "Name": "Honotua", "color": "#7ac252", "length": "4,805 km", "rfs": "September 2010", "owners": "OPT French Polynesia", "url": "http://www.opt.pf", "Symbol": 23, "year": 2010}}, {"type": "Feature", "id": 168, "geometry": {"type": "MultiLineString", "coordinates": [[[43.6432069997715, 11.5330639998829], [43.1479929998946, 11.5948690002068]], [[43.6432069997715, 11.5330639998829], [43.8310000003596, 11.2134889997247], [61.891631999958, 16.0251869996931], [60.0151679997056, 23.1449550001788], [58.2405599998644, 24.1068400000239], [58.1762050001339, 23.6848789996382]], [[37.7856919998969, 21.190359000126], [41.4517049998833, 15.2121299997364], [42.4403760000443, 13.9338530001878], [43.5241640001533, 12.1318770001749], [43.4152779999244, 11.9304439995893], [43.468696000291, 11.8298149998509], [43.6432069997715, 11.5330639998829]], [[37.7856919998969, 21.190359000126], [39.1827610000491, 21.4815320001973]], [[32.6531759999718, 29.1136160000163], [33.7862809998342, 27.4241479998707], [37.7856919998969, 21.190359000126]], [[29.7009319997696, 31.0722669996444], [30.2902869998013, 30.4272970001012], [31.5908720003999, 29.8231180003584], [32.6531759999718, 29.1136160000163]], [[29.7009319997696, 31.0722669996444], [30.3411660000522, 30.5098689999562], [31.6417509997525, 29.9061120002877], [32.6531759999718, 29.1136160000163]], [[12.5913740002905, 37.6505839999484], [11.4269220002295, 36.3371600000245], [13.2013340002522, 34.8380189999895], [28.7675340003756, 32.6848470002813], [29.7009319997696, 31.0722669996444]]]}, "properties": {"OBJECTID": 168, "cable_id": 1558, "Name": "Middle East North Africa (MENA) Cable System/Gulf Bridge International", "color": "#f4878f", "length": "8,000 km", "rfs": "December 2014", "owners": "MENA,  Gulf Bridge International", "url": "http://www.mena-scs.com", "Symbol": 16, "year": 2014}}, {"type": "Feature", "id": 169, "geometry": {"type": "MultiLineString", "coordinates": [[[103.646094999899, 1.33858299963515], [103.555176999575, 1.21849599976482], [103.464063000331, 1.23724200006641], [103.023439000432, 1.39501199997668], [102.181153999559, 2.01621799983528]], [[102.220899999729, 2.27326400027697], [102.181153999559, 2.01621799983528]], [[101.460061000229, 2.54782500014789], [101.328518000026, 2.15245599982087], [101.316506000237, 1.89382800026921], [101.447658999554, 1.66552099968763]], [[101.460061000229, 2.54782500014789], [102.181153999559, 2.01621799983528]], [[98.9878950000177, 4.36864300007671], [98.6759809995801, 3.75203399974194]], [[98.9878950000177, 4.36864300007671], [101.460061000229, 2.54782500014789]], [[97.9632860003968, 5.12210000042382], [98.9878950000177, 4.36864300007671]], [[97.9632860003968, 5.12210000042382], [98.54189900016, 5.50122599991771], [99.6447299997015, 6.35715999968442], [99.6796910004415, 6.43004400022234], [99.7756870000984, 6.46488099990441], [99.8531280002195, 6.53561499960849], [100.066116999999, 6.61351700022683]], [[89.9353619995623, 7.88275700040508], [93.5729570003514, 7.64278899988867], [95.7063540003523, 6.77839999991872], [97.9632860003968, 5.12210000042382]], [[43.1479929998946, 11.5948690002068], [44.5135190000296, 12.2561560002484]], [[70.3857669996946, 12.0691420002528], [76.3846880003317, 7.49196599960006], [79.7459160003309, 5.94082099970896], [80.5398610001704, 5.94082099970896], [81.8619300004078, 5.51357100009592], [89.9353619995623, 7.88275700040508]], [[70.3857669996946, 12.0691420002528], [71.2652579998988, 16.8818589999058], [72.8759019996361, 19.0760740002582]], [[44.5135190000296, 12.2561560002484], [44.740960999805, 11.8984339997542], [44.854045999658, 11.895757999684], [57.9728849998472, 15.4120950004232], [62.5586239999294, 14.5804870001798]], [[62.5586239999294, 14.5804870001798], [70.3857669996946, 12.0691420002528]], [[62.5586239999294, 14.5804870001798], [60.1421209995738, 23.295458999942]], [[43.0085400003401, 14.6856530003436], [42.6996529999149, 14.7137079998456]], [[42.6996529999149, 14.7137079998456], [42.9079540003485, 13.9931799999284], [43.8190859995808, 12.4281609998299], [44.3625430004069, 12.4933840003751], [44.5135190000296, 12.2561560002484]], [[94.3912179998484, 16.8580280000994], [90.0513780000665, 16.9100780003472]], [[90.0513780000665, 16.9100780003472], [89.9353619995623, 7.88275700040508]], [[90.1166120004042, 21.8208149998878], [90.0513780000665, 16.9100780003472]], [[60.1421209995738, 23.295458999942], [58.4021809996712, 24.1331339998718]], [[58.0044279998644, 23.6796019997421], [58.4021809996712, 24.1331339998718]], [[37.4926259997965, 23.7436210002105], [38.3264139998905, 22.3910010000882], [38.6336409999089, 21.7697649996201], [39.0068830000647, 21.1737860000671], [39.6827610000793, 20.2264820000851], [42.3574659998796, 15.8923290003772], [42.6996529999149, 14.7137079998456]], [[38.1069810000993, 24.0706449997542], [37.4926259997965, 23.7436210002105]], [[58.4021809996712, 24.1331339998718], [56.33372599993, 25.1216929997745]], [[67.0285420003993, 24.8897280000177], [60.1421209995738, 23.295458999942]], [[32.6531759999718, 29.1136160000163], [33.9506359997504, 27.8132649999815], [34.1536630001341, 27.6969430002471], [35.2398930002745, 27.2347599999106], [37.4926259997965, 23.7436210002105]], [[29.7009319997696, 31.0722669996444], [30.0870650003223, 30.0966520003251], [31.3876500000225, 29.4901980002935], [32.6531759999718, 29.1136160000163]], [[29.7009319997696, 31.0722669996444], [30.1378459997656, 30.179416999813], [31.4384310003641, 29.5735519997981], [32.6531759999718, 29.1136160000163]], [[27.5533749996756, 33.8726929998276], [29.7009319997696, 31.0722669996444]], [[27.5533749996756, 33.8726929998276], [28.400834999966, 36.2466409996928], [28.2535700000709, 36.8552489999296]], [[16.0293599996221, 35.5379539996688], [27.5533749996756, 33.8726929998276]], [[16.0293599996221, 35.5379539996688], [15.9065080003671, 37.192690000071], [15.0674460002232, 37.5134479997407]], [[5.93034300009474, 43.1252929999538], [7.8375689996663, 39.3802089999553], [8.51256799997203, 38.2260640001823], [10.0000669996531, 38.2222280000443], [11.1474300004163, 37.8523449997812], [13.72418600025, 35.8053059997866], [14.4879549996779, 35.6953790003531], [15.1719379999361, 35.6605550003157], [16.0293599996221, 35.5379539996688]]]}, "properties": {"OBJECTID": 169, "cable_id": 1559, "Name": "SeaMeWe-5", "color": "#9ea0a2", "length": "20,000 km", "rfs": "November 2016", "owners": "Telekom Malaysia,  Bangladesh Telegraph and Telephone Board (BTTB),  China Mobile,  China Telecom,  Orange,  Myanmar Post and Telecommunication (MPT),  Saudi Telecom,  Sri Lanka Telecom,  Telkom Indonesia,  TOT,  SingTel,  Telecom Italia Sparkle,  TeleYemen,  China Unicom,  du,  Turk Telekom International,  TransWorld Associates (Pvt.) Limited", "url": "http://www.seamewe5.com", "Symbol": 0, "year": 2016}}, {"type": "Feature", "id": 170, "geometry": {"type": "MultiLineString", "coordinates": [[[18.1555300001617, -33.3480609996475], [16.5426410000366, -33.5949680000268], [7.55202200000361, -24.1186330002107], [7.55036199959681, -23.055426000059]], [[7.55036199959681, -23.055426000059], [7.55817399993748, -18.3667150001169], [7.57038099972087, -10.7267799998326]], [[14.5334619999695, -22.6854330001543], [7.55036199959681, -23.055426000059]], [[7.57038099972087, -10.7267799998326], [13.2350260003976, -8.81256499966649]], [[7.57038099972087, -10.7267799998326], [7.55036199959681, -6.9221230001674]], [[7.55036199959681, -6.9221230001674], [7.57760800008054, -4.62841700000681]], [[12.3499680002405, -5.93337100040566], [7.55036199959681, -6.9221230001674]], [[7.57760800008054, -4.62841700000681], [11.8636400004068, -4.77878699975804]], [[7.57760800008054, -4.62841700000681], [7.57907299959531, -3.97275300041347], [5.28962099991551, 0.360285000423546]], [[-2.46608600024776, 0.360285000423546], [-10.7868319998869, 0.360285000423546], [-20.6942959995933, 14.362721000143], [-20.6942959995933, 15.0665820001165]], [[-1.19758099996676, 0.360285000423546], [-2.46608600024776, 0.360285000423546]], [[0.77019099969852, 0.360285000423546], [-1.19758099996676, 0.360285000423546]], [[4.29665300022107, 0.360285000423546], [0.77019099969852, 0.360285000423546]], [[5.28962099991551, 0.360285000423546], [4.29665300022107, 0.360285000423546]], [[5.28962099991551, 0.360285000423546], [9.20866099992925, 4.01471099960714]], [[-4.02624099972151, 5.32350599960536], [-2.46608600024776, 0.360285000423546]], [[-0.20432000036937, 5.55828300033293], [-1.19758099996676, 0.360285000423546]], [[1.22780800043201, 6.12631100031669], [0.77019099969852, 0.360285000423546]], [[3.4235089999444, 6.43906899965545], [4.29665300022107, 0.360285000423546]], [[-23.5056219998278, 14.9353719999178], [-20.6942959995933, 15.0665820001165]], [[-20.6942959995933, 15.0665820001165], [-20.6942959995933, 20.3043510001328], [-17.0959589999759, 25.0264290000539], [-17.0959589999759, 27.6156339999937]], [[-17.0959589999759, 27.6156339999937], [-15.3695930003606, 27.6156339999937], [-15.254064999753, 27.8709480002882], [-15.3987429998519, 27.9593980000738]], [[-17.0959589999759, 27.6156339999937], [-17.0959589999759, 29.392310999635], [-9.10743899990299, 38.6426590001151], [-11.4058750004336, 38.0017069998127], [-13.8308730001218, 38.139475999682], [-15.4261840003293, 38.8864750001195], [-15.4261840003293, 48.7963430000539], [-4.44118200035705, 51.2891560001411], [-2.9748750002368, 51.2224459998168]]]}, "properties": {"OBJECTID": 170, "cable_id": 1560, "Name": "West African Cable System (WACS)", "color": "#548f51", "length": "14,916 km", "rfs": "May 2012", "owners": "Broadband Infraco,  Telkom South Africa,  Vodacom DRC,  MTN Group,  Tata Communications,  Togo Telecom,  Telecom Namibia,  Office Congolais de Poste et Télécommunication,  Congo Telecom,  Portugal Telecom,  Angola Cables,  Cape Verde Telecom,  Vodafone Espana,  Vodafone,  Neotel,  PCCW,  Botswana Fibre Networks", "url": "http://wacscable.com", "Symbol": 12, "year": 2012}}, {"type": "Feature", "id": 171, "geometry": {"type": "LineString", "coordinates": [[103.987012000413, 1.38944699996311], [103.962597999948, 1.1347250003427]]}, "properties": {"OBJECTID": 171, "cable_id": 1561, "Name": "Moratelindo International Cable System-1 (MIC-1)", "color": "#8dc851", "length": "70 km", "rfs": "January 2008", "owners": "Moratelindo", "url": "http://www.moratelindo.co.id", "Symbol": 11, "year": 2008}}, {"type": "Feature", "id": 172, "geometry": {"type": "LineString", "coordinates": [[41.6675249998563, 42.1467529997947], [28.1674370000753, 43.4146250001852]]}, "properties": {"OBJECTID": 172, "cable_id": 1563, "Name": "Caucasus Cable System", "color": "#38bced", "length": "1,200 km", "rfs": "November 2008", "owners": "Caucasus Online", "url": "http://www.co.ge/en/", "Symbol": 9, "year": 2008}}, {"type": "Feature", "id": 173, "geometry": {"type": "MultiLineString", "coordinates": [[[0.307984000426913, 0.732533000080795], [3.11540400004198, 0.732533000080795], [3.4235089999444, 6.43906899965545]], [[-0.20432000036937, 5.55828300033293], [0.307984000426913, 0.732533000080795]], [[-9.10743899990299, 38.6426590001151], [-10.4278479997336, 34.795848000168], [-10.1061690004423, 33.8490949998156], [-14.3824839997987, 28.8969370002656], [-14.3824839997987, 28.0377780001277], [-20.3162199996037, 20.3060919996723], [-20.3162199996037, 14.3944110003837], [-10.6464510002197, 0.732533000080795], [0.307984000426913, 0.732533000080795]]]}, "properties": {"OBJECTID": 173, "cable_id": 1565, "Name": "Main One", "color": "#f4878f", "length": "7,000 km", "rfs": "July 2010", "owners": "Main One Cable Company", "url": "http://www.mainonecable.com", "Symbol": 16, "year": 2010}}, {"type": "Feature", "id": 174, "geometry": {"type": "MultiLineString", "coordinates": [[[-136.948217000119, 54.4545630000471], [-134.466529999655, 56.0335809997939], [-134.415456000308, 56.4664750000376], [-134.52473300035, 56.8494980002258], [-134.457544999877, 56.9422759998661], [-134.285279999711, 56.9993110000614], [-134.183815000011, 57.0596570001944], [-134.100806999937, 57.1450000000147], [-133.916334999987, 57.2201020000885], [-133.658131999819, 57.2296710001146]], [[-135.334399999881, 57.0530189999024], [-135.476148000052, 57.1428540000668], [-135.565600999963, 57.2563279998767], [-135.620142000436, 57.2929409999695], [-135.684742000389, 57.327909999961], [-135.702906000113, 57.3515460001702], [-135.652369000168, 57.3766409998012], [-135.61692000043, 57.3976419997828], [-135.572338999703, 57.4315379998687], [-135.529761000413, 57.4657970002343], [-135.532398000438, 57.5070020000775], [-135.532398000438, 57.5492080001193], [-135.505396000351, 57.5685390001496], [-135.418579999567, 57.5837759998107], [-135.32531800002, 57.5637460000272], [-135.163111000407, 57.4973480001291], [-135.059791000306, 57.4498800001811], [-134.969751999691, 57.430459999987], [-134.857251999819, 57.4158960000521], [-134.771704999629, 57.4255709998326], [-134.582252000431, 57.5019390000686], [-134.752760000106, 57.594611000199], [-134.802857999659, 57.7346490001031], [-134.852858000201, 58.0129779997793], [-134.897290999892, 58.1072110001278], [-134.741724999934, 58.1282040000969], [-134.636158999621, 58.2129780000808], [-134.711744000415, 58.2916739998355], [-134.679517999609, 58.3342499998913], [-134.598267999851, 58.3484219997983], [-134.529224999877, 58.3484219997983], [-134.400806999595, 58.2995769999468], [-134.295826999986, 58.2370959998858], [-134.136548999578, 58.1651310002126], [-134.124831000414, 58.1012510000726], [-133.991431999986, 57.9864040000611], [-133.824732999948, 57.8237120000593], [-133.802564999696, 57.7078949998468], [-133.691433000152, 57.5587700001637], [-133.66477199965, 57.3730349998932], [-133.630495000421, 57.3139630000542], [-133.658131999819, 57.2296710001146]], [[-133.658131999819, 57.2296710001146], [-133.685769000115, 57.1376620000418], [-133.516335000143, 57.0944230000096], [-133.23293699971, 57.0511599998651], [-133.008229999869, 57.0209790002097], [-132.970242000015, 56.9832980000437], [-132.901101000131, 56.9133659998883], [-132.969851000203, 56.8077940000634], [-132.796609000418, 56.819420000105], [-132.697780999844, 56.7787800001496], [-132.629323999676, 56.7296850001966], [-132.598953000169, 56.6900200001687], [-132.569362999563, 56.6267379998445], [-132.502077999905, 56.5978250001756], [-132.458230000195, 56.5591510002453], [-132.383816000086, 56.4707899999365], [-132.459011999819, 56.3862240001972], [-132.519753999732, 56.3680549999721], [-132.591823999718, 56.3504719998563], [-132.597194999853, 56.313170999836], [-132.62600399976, 56.2596449997517], [-132.729714999674, 56.2328950002004], [-132.841042999934, 56.1905060002416], [-132.855007000208, 56.1270400001871], [-132.741824000446, 56.0667940000437], [-132.613504000074, 56.0063449998901], [-132.451491999557, 55.8926660001621], [-132.34348400011, 55.79764999983], [-132.27600399956, 55.6337770002467], [-132.133621000077, 55.5267429997999], [-131.975516000004, 55.4521339998365], [-131.913308999679, 55.4661980000437], [-131.825321000181, 55.4342699998553], [-131.647879000049, 55.3419669997959], [-131.627859999925, 55.1805329998727], [-131.747586000332, 54.9936320001505], [-131.729128999807, 54.768832000049], [-132.063309000407, 54.4396290001346], [-132.924148000092, 54.5114089998861], [-136.045581000044, 52.4258819998394]]]}, "properties": {"OBJECTID": 174, "cable_id": 1567, "Name": "Alaska United Southeast", "color": "#895c3c", "length": "626 km", "rfs": "November 2008", "owners": "GCI", "url": "http://www.alaskaunited.com", "Symbol": 8, "year": 2008}}, {"type": "Feature", "id": 175, "geometry": {"type": "LineString", "coordinates": [[-20.6664149997982, 63.7331850001308], [-20.1983980000011, 63.029072000145], [-5.7658879997211, 60.4209779999571], [0.145776999915833, 61.8811399999287], [6.71540199989102, 56.8999820001704], [8.32916999972503, 55.7516490002191]]}, "properties": {"OBJECTID": 175, "cable_id": 1568, "Name": "DANICE", "color": "#f04230", "length": "2,304 km", "rfs": "August 2009", "owners": "Icelandic Shareholders", "url": "http://www.farice.is", "Symbol": 6, "year": 2009}}, {"type": "Feature", "id": 176, "geometry": {"type": "MultiLineString", "coordinates": [[[-53.9659030003666, 48.1864000000754], [-53.0503759998949, 48.2780230001876], [-51.2917840003721, 49.3380690000924], [-51.7299670000643, 64.1812200000127], [-49.5671269997707, 60.0943250001089], [-43.5794849997026, 59.4348369998078], [-20.141854999713, 63.642367999835]], [[-46.0353910000966, 60.7190299998109], [-46.6032130000856, 59.7736210001767]]]}, "properties": {"OBJECTID": 176, "cable_id": 1569, "Name": "Greenland Connect", "color": "#38bced", "length": "4,780 km", "rfs": "March 2009", "owners": "TELE Greenland", "url": "http://www.tele.gl", "Symbol": 9, "year": 2009}}, {"type": "Feature", "id": 177, "geometry": {"type": "LineString", "coordinates": [[-124.099936000019, 43.9822039998314], [-127.830303999736, 46.8620919999351], [-150.266909000367, 58.8070059997685], [-150.749964999966, 58.5225330001456], [-152.314466000275, 59.2463769997986], [-151.544252000112, 59.6465670001919], [-152.032826000158, 59.6100290000877], [-152.257875000306, 59.8055360000874], [-151.721351000112, 60.461107999929], [-151.291663999577, 60.6899289999133], [-151.291663999577, 60.8484209998383], [-149.858412999568, 61.2175570000344]]}, "properties": {"OBJECTID": 177, "cable_id": 1571, "Name": "ACS Alaska-Oregon Network (AKORN)", "color": "#91a34b", "length": "3,000 km", "rfs": "April 2009", "owners": "Alaska Communications Systems Group", "url": "http://akorn.alaskacommunications.com", "Symbol": 2, "year": 2009}}, {"type": "Feature", "id": 178, "geometry": {"type": "MultiLineString", "coordinates": [[[26.2816959999675, 33.8966090001942], [29.7009319997696, 31.0722669996444]], [[26.2816959999675, 33.8966090001942], [32.2761260000042, 33.0252120003261], [33.6105970000186, 34.8272780001213]], [[5.37253100008015, 43.2936270000004], [8.44118199970045, 37.5530210001524], [11.427995999932, 37.535212000086], [13.6947909996379, 35.7295549999265], [26.2816959999675, 33.8966090001942]]]}, "properties": {"OBJECTID": 178, "cable_id": 1573, "Name": "TE North/TGN-Eurasia/SEACOM/Alexandros", "color": "#91a34b", "length": "3,634 km", "rfs": "July 2011", "owners": "Telecom Egypt,  Cyta,  SEACOM,  Tata Communications", "url": "http://www.telecomegypt.com.eg", "Symbol": 2, "year": 2011}}, {"type": "Feature", "id": 179, "geometry": {"type": "MultiLineString", "coordinates": [[[-2.52365399983462, 57.6668649999845], [-2.90002099991198, 58.8333729998872], [-1.23854800015245, 59.9960709999845], [-1.32365500012603, 60.0040789999083], [-2.54329276286187, 60.4659826410067]], [[-2.54329276286187, 60.4659826410067], [-3.90363399979061, 60.1707749999879], [-4.33332100032521, 60.3333669997779]], [[-2.54329276286187, 60.4659826410067], [-6.77184499972173, 62.0176459998349]], [[-2.40002199970667, 60.7500850002028], [-1.9703350000704, 60.5895229998638], [-2.54329276286187, 60.4659826410067]]]}, "properties": {"OBJECTID": 179, "cable_id": 1576, "Name": "SHEFA-2", "color": "#bd75b1", "length": "1,000 km", "rfs": "March 2008", "owners": "Faroese Telecom", "url": "http://www.shefa.fo", "Symbol": 3, "year": 2008}}, {"type": "Feature", "id": 180, "geometry": {"type": "LineString", "coordinates": [[-60.1353810001842, 46.251455000128], [-59.2892389999937, 46.8512400001619], [-58.6865049996685, 47.6176810002182], [-59.5162899999569, 46.9787839998329], [-60.1353810001842, 46.251455000128]]}, "properties": {"OBJECTID": 180, "cable_id": 1577, "Name": "Persona", "color": "#f04230", "length": "800 km", "rfs": "2008", "owners": "EastLink", "url": null, "Symbol": 6, "year": 2008}}, {"type": "Feature", "id": 181, "geometry": {"type": "MultiLineString", "coordinates": [[[44.485393999837, 12.0050559996589], [43.1479929998946, 11.5948690002068]], [[44.485393999837, 12.0050559996589], [44.6206479997673, 11.7781949996984], [44.8778740003172, 11.760700000387], [62.8943660001278, 16.5783789996315]], [[62.8943660001278, 16.5783789996315], [72.5657449996898, 19.0888099998329], [72.8759019996361, 19.0760740002582]], [[38.4298319999007, 21.9593659996446], [42.2501420001482, 15.7765819999963], [42.806000999853, 13.9729010004085], [43.7505320002262, 12.361681000313], [44.2639099998267, 12.3764670003334], [44.485393999837, 12.0050559996589]], [[38.4298319999007, 21.9593659996446], [39.1827610000491, 21.4815320001973]], [[56.33372599993, 25.1216929997745], [58.0044279998644, 23.6796019997421], [58.1976889997727, 25.075883999841], [60.6287420002088, 24.7613899997817], [62.8943660001278, 16.5783789996315]], [[32.6531759999718, 29.1136160000163], [33.4228040003289, 28.2920959998523], [33.8964369995843, 27.7630700003454], [34.1360850002165, 27.6738539999842], [35.11528399963, 27.1578889997724], [38.4298319999007, 21.9593659996446]], [[29.7009319997696, 31.0722669996444], [30.1886270001072, 30.2621139999973], [31.4892119998074, 29.6568380000381], [32.6531759999718, 29.1136160000163]], [[29.7009319997696, 31.0722669996444], [30.2394080004488, 30.3447400002077], [31.539993000149, 29.7400550001823], [32.6531759999718, 29.1136160000163]], [[13.9685238166213, 34.451839430815], [13.1873699999776, 32.8776269996395]], [[13.9685238166213, 34.451839430815], [17.184631999912, 34.0243429997783], [17.27496400043, 33.855582999778], [27.4193910001647, 32.4044610001736], [29.7009319997696, 31.0722669996444]], [[13.9705719997236, 34.4559289997288], [13.9685238166213, 34.451839430815]], [[-5.3477249999779, 35.9365900000327], [-5.3475779996648, 36.1560169996402]], [[-5.3477249999779, 35.9365900000327], [-2.16022699965972, 36.2167860000519], [2.3075920000123, 38.0987570002089], [8.82291999991206, 38.1138179997427]], [[-13.0392720004043, 36.9834469999687], [-11.8392729997974, 36.3148149999392], [-7.17267499976964, 35.7527790000318], [-5.3477249999779, 35.9365900000327]], [[-13.0392720004043, 36.9834469999687], [-11.4119289995599, 37.4274159999846], [-9.10275099965899, 38.4430759997075]], [[8.82291999991206, 38.1138179997427], [10.6863949998582, 38.1182740002862], [11.7691090002647, 37.8925079997101], [12.765592999693, 36.8859519997627], [13.285221000035, 36.5071290001899], [11.9864919996618, 35.4683109996928], [13.0375650001419, 34.575180000254], [13.9685238166213, 34.451839430815]], [[7.42672899964391, 43.738257999709], [7.96911199986916, 39.4235230002554], [8.82291999991206, 38.1138179997427]], [[-4.54440500037365, 50.8282030001144], [-14.4505989996605, 48.3489769999357], [-14.4505989996605, 38.8864750001195], [-13.0392720004043, 36.9834469999687]]]}, "properties": {"OBJECTID": 181, "cable_id": 1580, "Name": "Europe India Gateway (EIG)", "color": "#bd75b1", "length": "15,000 km", "rfs": "February 2011", "owners": "AT&T,  Airtel (Bharti),  Bharat Sanchar Nigam Ltd. (BSNL),  BT,  Djibouti Telecom,  du,  Gibtelecom,  Libya International Telecommunications Company,  MTN Group,  Omantel,  Portugal Telecom,  Saudi Telecom,  Telecom Egypt,  Telkom South Africa,  Verizon,  Vodafone,  Zajil Telecom", "url": "https://www.europeindiagateway.com", "Symbol": 3, "year": 2011}}, {"type": "Feature", "id": 182, "geometry": {"type": "LineString", "coordinates": [[12.5913740002905, 37.6505839999484], [12.5770180003788, 36.853999000232], [13.7538730000417, 36.0012420001839], [14.4118800002357, 35.9505839999992]]}, "properties": {"OBJECTID": 182, "cable_id": 1581, "Name": "GO-1 Mediterranean Cable System", "color": "#0982c5", "length": "290 km", "rfs": "December 2008", "owners": "GO plc", "url": "https://www.go.com.mt/business", "Symbol": 13, "year": 2008}}, {"type": "Feature", "id": 183, "geometry": {"type": "MultiLineString", "coordinates": [[[103.987012000413, 1.38944699996311], [104.173144999696, 1.25032400024948], [104.355762000143, 1.27775899988594], [110.995015000074, 4.1446539999042], [120.100673000095, 14.0704890003413], [120.376206795492, 14.1532879649098]], [[103.987012000413, 1.38944699996311], [104.177930000024, 1.26340700038376], [104.361719000084, 1.29416100011834], [105.122408409427, 1.72976883547782]], [[105.122408409427, 1.72976883547782], [104.373535000055, 1.32696499983506], [104.187402999698, 1.28957299989738], [103.987012000413, 1.38944699996311]], [[105.122408409427, 1.72976883547782], [108.894154155909, 3.88768798836722]], [[108.894154155909, 3.88768798836722], [108.850777999895, 3.73351900000852], [105.122408409427, 1.72976883547782]], [[108.894154155909, 3.88768798836722], [109.849801000337, 4.43368499986341], [114.220446998023, 22.1700524829037]], [[108.894154155909, 3.88768798836722], [114.202923000329, 22.222049999772], [114.220446998023, 22.1700524829037]], [[120.376206795492, 14.1532879649098], [121.066004000391, 13.7624229999801], [112.008099999802, 4.39717300008449], [104.344043000257, 1.24505199964966], [104.163769999931, 1.22406100044375], [103.987012000413, 1.38944699996311]], [[120.376206795492, 14.1532879649098], [120.820203, 14.2866470000764]], [[120.820203, 14.2866470000764], [120.435828999589, 14.4804720003976], [118.26133154209, 15.7436605331533]], [[119.758234827513, 14.5028845159734], [120.376206795492, 14.1532879649098]], [[119.758234827513, 14.5028845159734], [120.820203, 14.2866470000764]], [[118.26133154209, 15.7436605331533], [118.214151000187, 15.3739630000686], [119.758234827513, 14.5028845159734]], [[118.26133154209, 15.7436605331533], [117.844033999953, 15.98519800014], [118.170009999676, 17.9155779997488], [120.908192000221, 19.4930799997924], [121.265028902878, 19.9227040256649]], [[121.265028902878, 19.9227040256649], [121.491884166229, 20.1952287964609]], [[121.265028902878, 19.9227040256649], [124.075181999796, 19.4701559998568], [129.830939000067, 23.4813559996219]], [[121.491884166229, 20.1952287964609], [121.730828300904, 20.4817613224403]], [[121.491884166229, 20.1952287964609], [118.635829999664, 20.6625020000113], [114.258684999919, 22.3182960002112]], [[121.730828300904, 20.4817613224403], [123.285534000388, 20.2283149996198], [125.319564883807, 24.7410195880968]], [[121.730828300904, 20.4817613224403], [122.685924999984, 21.6216799997908], [124.08768200038, 24.7951709997441], [121.972681317012, 25.4102131479866]], [[120.364442000391, 20.7041630002149], [121.730828300904, 20.4817613224403]], [[120.364442000391, 20.7041630002149], [120.662195999837, 22.2492589999824]], [[114.220446998023, 22.1700524829037], [116.531535000372, 15.1585979997036], [119.758234827513, 14.5028845159734]], [[114.220446998023, 22.1700524829037], [114.258684999919, 22.3182960002112]], [[114.258684999919, 22.3182960002112], [118.455557000237, 20.3738510002212], [121.265028902878, 19.9227040256649]], [[114.258684999919, 22.3182960002112], [118.690516999727, 20.9761390003961], [120.364442000391, 20.7041630002149]], [[129.830939000067, 23.4813559996219], [138.879858999806, 29.5404229998949], [138.705936327666, 29.9661098381465]], [[125.609708706509, 24.6603808519829], [123.798619000086, 19.8168009998981], [121.491884166229, 20.1952287964609]], [[125.609708706509, 24.6603808519829], [129.830939000067, 23.4813559996219]], [[125.319564883807, 24.7410195880968], [125.609708706509, 24.6603808519829]], [[125.319564883807, 24.7410195880968], [125.472543999851, 25.0742920003937], [122.549205999641, 25.6692690003017], [122.327237559757, 25.5695958826873]], [[125.795786000363, 25.1482159998537], [125.609708706509, 24.6603808519829]], [[121.383289000065, 25.149984000378], [121.36600400005, 25.4890469996405], [121.455456999961, 25.8099269998334], [121.713222172938, 25.7389172130168]], [[121.383289000065, 25.149984000378], [121.228601999817, 25.5149610003689], [121.347840000327, 26.0344229997455], [121.805554272436, 25.9435322080324]], [[121.498301619228, 25.2612735725192], [121.383289000065, 25.149984000378]], [[121.498301619228, 25.2612735725192], [121.713222172938, 25.7389172130168]], [[121.972681317012, 25.4102131479866], [121.840320000094, 25.3506590000275], [121.462586000411, 25.1817150000952], [121.498301619228, 25.2612735725192]], [[121.972681317012, 25.4102131479866], [121.726354999809, 25.4816430002941], [121.498301619228, 25.2612735725192]], [[122.327237559757, 25.5695958826873], [121.972681317012, 25.4102131479866]], [[122.327237559757, 25.5695958826873], [125.319564883807, 24.7410195880968]], [[121.713222172938, 25.7389172130168], [122.327237559757, 25.5695958826873]], [[121.713222172938, 25.7389172130168], [121.805554272436, 25.9435322080324]], [[121.805554272436, 25.9435322080324], [125.795786000363, 25.1482159998537]], [[121.805554272436, 25.9435322080324], [123.757311000316, 30.1827940001299], [121.472546999982, 31.2475069997016], [123.659752000337, 30.6889950003412], [125.721747802368, 31.6660716156272]], [[138.705936327666, 29.9661098381465], [135.569119000245, 28.9012969996198], [126.958480000108, 30.4912730003051], [126.486597048383, 32.0259187804064]], [[138.705936327666, 29.9661098381465], [136.874001000377, 34.3368310000206]], [[143.39920635861, 31.5381183961167], [138.705936327666, 29.9661098381465]], [[143.39920635861, 31.5381183961167], [144.487863000285, 30.4235920001212], [125.855258999681, 18.4988930001191], [121.128796999624, 19.2648900003421], [118.523427999702, 17.7847899999477], [118.26133154209, 15.7436605331533]], [[125.721747802368, 31.6660716156272], [126.699203000237, 27.5381619997352], [125.795786000363, 25.1482159998537]], [[125.721747802368, 31.6660716156272], [126.486597048383, 32.0259187804064]], [[126.486597048383, 32.0259187804064], [128.221174999863, 32.8367740002341], [128.999495000095, 35.1703820000544], [130.299981999886, 30.5437689999091], [135.522438999618, 29.618303000227], [137.980249999743, 30.4985100000588], [136.874001000377, 34.3368310000206]], [[126.486597048383, 32.0259187804064], [125.231820999691, 35.9820420000045], [126.391586000231, 36.5763300002017], [124.624204999851, 36.091333999811], [124.625952611151, 36.0844720474966]], [[141.668500198107, 33.2827846493309], [143.39920635861, 31.5381183961167]], [[141.668500198107, 33.2827846493309], [142.852707000173, 33.6937199998995], [140.612475000163, 36.3834809996812], [145.283759999711, 32.1620639996333], [143.39920635861, 31.5381183961167]], [[136.874001000377, 34.3368310000206], [139.297435999743, 32.454164000085], [141.668500198107, 33.2827846493309]], [[136.874001000377, 34.3368310000206], [139.230639999806, 32.7511519998081], [140.400365000092, 33.177455000012], [139.954857999956, 34.9765679998755], [141.668500198107, 33.2827846493309]], [[124.630551999779, 36.0844689998615], [124.625952611151, 36.0844720474966]], [[124.625952611151, 36.0844720474966], [125.721747802368, 31.6660716156272]], [[124.625952611151, 36.0844720474966], [120.342469000132, 36.0873099999958]]]}, "properties": {"OBJECTID": 183, "cable_id": 1592, "Name": "EAC-C2C", "color": "#ffd633", "length": "36,500 km", "rfs": "November 2002", "owners": "Telstra", "url": "http://www.pacnet.com", "Symbol": 18, "year": 2002}}, {"type": "Feature", "id": 184, "geometry": {"type": "LineString", "coordinates": [[57.5100919998714, -20.0775340003984], [55.5477890002497, -20.897271000376], [51.6345100003576, -19.1852489995963], [49.400235000287, -18.1460859998415]]}, "properties": {"OBJECTID": 184, "cable_id": 1594, "Name": "Lower Indian Ocean Network (LION)", "color": "#f4878f", "length": "1,060 km", "rfs": "November 2009", "owners": "Orange,  Mauritius Telecom,  Orange Madagascar", "url": "http://lion.orange.com", "Symbol": 16, "year": 2009}}, {"type": "Feature", "id": 185, "geometry": {"type": "LineString", "coordinates": [[-71.6459690002635, 41.4121209999167], [-70.8353250002152, 40.6750109999828], [-64.9793719999398, 33.7212600000972], [-64.8016379997301, 32.2586539996346]]}, "properties": {"OBJECTID": 185, "cable_id": 1596, "Name": "Challenger Bermuda-1 (CB-1)", "color": "#f89635", "length": "1,448 km", "rfs": "December 2008", "owners": "Cable Co.", "url": "http://cableco.bm", "Symbol": 5, "year": 2008}}, {"type": "Feature", "id": 186, "geometry": {"type": "MultiLineString", "coordinates": [[[107.120993999557, -1.13758600043223], [107.120993999557, -5.98115899981518]], [[107.120993999557, -1.13758600043223], [109.182222999662, -0.0613920001214124]], [[103.987012000413, 1.38944699996311], [104.201562999791, 1.32881999960123], [104.391308999791, 1.37597499993737], [104.929491999669, 1.41277999979758]], [[104.929491999669, 1.41277999979758], [104.326270000345, 1.19584500031405], [104.13320400043, 1.1736810001759]], [[104.929491999669, 1.41277999979758], [105.773144000147, 1.47067199972663], [107.120993999557, -1.13758600043223]]]}, "properties": {"OBJECTID": 186, "cable_id": 1597, "Name": "JAKABARE", "color": "#0964b0", "length": "1,330 km", "rfs": "November 2009", "owners": "PT Indonesia Satellite Corp.", "url": "http://www.indosat.com", "Symbol": 25, "year": 2009}}, {"type": "Feature", "id": 187, "geometry": {"type": "MultiLineString", "coordinates": [[[58.1762050001339, 23.6848789996382], [58.2405599998644, 24.1068400000239]], [[58.2405599998644, 24.1068400000239], [60.0151679997056, 23.1449550001788], [69.1429939999787, 21.2673700003951], [72.8759019996361, 19.0760740002582]], [[56.33372599993, 25.1216929997745], [58.2405599998644, 24.1068400000239]], [[56.33372599993, 25.1216929997745], [56.6970069996167, 25.7458200002345], [56.5044289995986, 26.487019000011], [56.1305029997277, 26.487019000011], [55.3114610004311, 25.988961000128], [52.5033570002025, 26.0417930000364], [51.4519909998195, 25.5389310000495], [52.0410529999482, 26.4027290001742], [51.7334359999425, 26.6904939998888]], [[56.33372599993, 25.1216929997745], [57.098959999771, 25.4228280003649], [56.6290380002431, 26.7573080002016], [56.0961279996919, 26.7573080002016], [55.2574570002586, 26.2485930002453], [53.8685910002594, 26.2964050002157], [49.3266019999778, 29.0104999997473]], [[50.6561909995795, 26.2415849997093], [51.7334359999425, 26.6904939998888]], [[50.2141990002506, 26.2853730002554], [50.7403700003387, 27.6676269998155]], [[51.7334359999425, 26.6904939998888], [50.7403700003387, 27.6676269998155]], [[50.7403700003387, 27.6676269998155], [49.1404689997966, 28.8466519996274]], [[49.1404689997966, 28.8466519996274], [47.9748450001237, 29.3741010003574]], [[50.8427139997481, 28.9703520003018], [50.3802139996752, 28.3869870002073]], [[49.3266019999778, 29.0104999997473], [49.1404689997966, 28.8466519996274]], [[49.3266019999778, 29.0104999997473], [48.5317780004294, 29.9236339997315]]]}, "properties": {"OBJECTID": 187, "cable_id": 1598, "Name": "Gulf Bridge International Cable System (GBICS)/Middle East North Africa (MENA) Cable System", "color": "#f4878f", "length": "n.a.", "rfs": "February 2012", "owners": "Gulf Bridge International,  MENA", "url": "http://www.gbiinc.com", "Symbol": 16, "year": 2012}}, {"type": "Feature", "id": 188, "geometry": {"type": "LineString", "coordinates": [[-158.151717999628, 21.4260890001637], [-170.695703000361, -14.2765490004213]]}, "properties": {"OBJECTID": 188, "cable_id": 1600, "Name": "American Samoa-Hawaii (ASH)", "color": "#0982c5", "length": "4,250 km", "rfs": "May 2009", "owners": "American Samoa Government,  Elandia", "url": null, "Symbol": 13, "year": 2009}}, {"type": "Feature", "id": 189, "geometry": {"type": "LineString", "coordinates": [[103.147755000275, 1.67743000024371], [103.491699999728, 1.21742200022064], [103.962597999948, 1.1347250003427]]}, "properties": {"OBJECTID": 189, "cable_id": 1601, "Name": "Batam-Rengit Cable System (BRCS)", "color": "#38bced", "length": "63 km", "rfs": "November 2007", "owners": "PT Excelcomindo Pratama", "url": "http://www.xl.co.id/en/home", "Symbol": 9, "year": 2007}}, {"type": "Feature", "id": 190, "geometry": {"type": "LineString", "coordinates": [[14.4587549999578, 35.9341390003443], [14.8538719995647, 36.7338800002651]]}, "properties": {"OBJECTID": 190, "cable_id": 1602, "Name": "Melita 1", "color": "#9791c7", "length": "97 km", "rfs": "June 2009", "owners": "Melita", "url": "http://www.melita.com", "Symbol": 26, "year": 2009}}, {"type": "Feature", "id": 191, "geometry": {"type": "MultiLineString", "coordinates": [[[114.570696000441, 4.70362500030878], [113.500485863375, 6.8504360742434]], [[113.500485863375, 6.8504360742434], [112.658392999564, 3.69765700000558], [104.349903000112, 1.26145500040977], [104.16845700035, 1.23724200006641], [103.646094999899, 1.33858299963515]], [[113.500485863375, 6.8504360742434], [113.500383999811, 6.85063999959176]], [[100.59971000044, 7.07591899959228], [113.298723999931, 6.11766899979537]], [[115.91590999965, 15.7476349999135], [113.500485863375, 6.8504360742434]], [[115.91590999965, 15.7476349999135], [120.695692000164, 14.3175900000936]], [[116.54715999998, 18.0185040003858], [115.91590999965, 15.7476349999135]], [[116.54715999998, 18.0185040003858], [114.202923000329, 22.222049999772]], [[116.677530999673, 23.3550030001061], [119.345594999818, 19.0741359996086]], [[139.954857999956, 34.9765679998755], [139.664038000068, 28.669865000005], [124.867466000302, 18.7989629999307], [120.441297999632, 19.4855309996794], [116.54715999998, 18.0185040003858]]]}, "properties": {"OBJECTID": 191, "cable_id": 1604, "Name": "Southeast Asia Japan Cable (SJC)", "color": "#b2703f", "length": "8,900 km", "rfs": "June 2013", "owners": "Globe Telecom,  Google,  KDDI,  Telkom Indonesia,  SingTel,  China Telecom,  TOT,  China Mobile,  Chunghwa Telecom,  Brunei International Gateway,  SingTel Optus,  Airtel (Bharti)", "url": null, "Symbol": 4, "year": 2013}}, {"type": "Feature", "id": 192, "geometry": {"type": "MultiLineString", "coordinates": [[[159.08179699983, 7.72805199966019], [157.676720000417, 10.8122289997597]], [[164.799813907418, 9.62299841572165], [171.196242000341, 7.07776000020327]], [[164.799813907418, 9.62299841572165], [167.405814999704, 9.18648699958687]], [[164.799762000066, 9.62301899969616], [164.799813907418, 9.62299841572165]], [[144.694697999582, 13.4647779998981], [146.162275000122, 12.7269660003351], [164.799813907418, 9.62299841572165]]]}, "properties": {"OBJECTID": 192, "cable_id": 1605, "Name": "HANTRU1 Cable System", "color": "#6c70b5", "length": "2,917 km", "rfs": "March 2010", "owners": "Hannon Armstrong,  Federated States of Micronesia Telecommunications Company,  Marshall Islands Telecommunications Authority", "url": null, "Symbol": 7, "year": 2010}}, {"type": "Feature", "id": 193, "geometry": {"type": "LineString", "coordinates": [[24.9324780002291, 60.171162999996], [24.6400959998439, 59.9786810000883], [23.3988859995521, 59.8234090001034], [22.9667569998846, 59.8234090001034], [22.6427339995729, 59.8777060001562], [22.2985940001263, 60.0366030002062], [22.2985940001263, 60.305756000073], [22.0825780003347, 60.0906000000386], [20.5495709996387, 59.9486189999809], [19.93775500035, 60.0060309998407], [19.93775500035, 60.1140379999698], [18.7646120002394, 59.8228200001095]]}, "properties": {"OBJECTID": 193, "cable_id": 1609, "Name": "BCS North - Phase 1", "color": "#f37380", "length": "513 km", "rfs": "1998", "owners": "TeliaSonera", "url": null, "Symbol": 14, "year": 1998}}, {"type": "Feature", "id": 194, "geometry": {"type": "LineString", "coordinates": [[28.4999560004429, 59.7999860000318], [26.8836489995949, 60.5011410002196], [26.0602119999573, 60.1620060001342], [24.9324780002291, 60.171162999996]]}, "properties": {"OBJECTID": 194, "cable_id": 1610, "Name": "BCS North - Phase 2", "color": "#f89635", "length": "280.4 km", "rfs": "2000", "owners": "TeliaSonera", "url": null, "Symbol": 5, "year": 2000}}, {"type": "Feature", "id": 195, "geometry": {"type": "LineString", "coordinates": [[21.0111920000027, 56.5083690001336], [20.8088490002325, 56.3545849999065], [21.0826760001835, 56.0285070001706]]}, "properties": {"OBJECTID": 195, "cable_id": 1611, "Name": "BCS East", "color": "#548f51", "length": "97.8 km", "rfs": "1995", "owners": "TeliaSonera", "url": null, "Symbol": 12, "year": 1995}}, {"type": "Feature", "id": 196, "geometry": {"type": "MultiLineString", "coordinates": [[[-56.3753740003561, 5.88661900043509], [-55.6099449996232, 7.38205900000687], [-57.2794749999457, 8.32294599975272]], [[-58.1548650004351, 6.80429100019019], [-57.2794749999457, 8.32294599975272]], [[-57.2794749999457, 8.32294599975272], [-60.5565230002591, 10.1631060003334], [-60.7144340001634, 10.8307420000048], [-60.9224409999708, 10.9611600001595], [-61.5426560001293, 10.9611600001595], [-61.6508100000642, 10.68625699976]]]}, "properties": {"OBJECTID": 196, "cable_id": 1612, "Name": "Suriname-Guyana Submarine Cable System (SG-SCS)", "color": "#c4b830", "length": "1,249 km", "rfs": "July 2010", "owners": "Guyana Telephone and Telegraph (GT&T),  Telesur", "url": null, "Symbol": 29, "year": 2010}}, {"type": "Feature", "id": 197, "geometry": {"type": "LineString", "coordinates": [[-4.85416999978454, 55.2404030002312], [-5.39430699979706, 55.2404030002312], [-5.80983400023852, 54.8578009998599]]}, "properties": {"OBJECTID": 197, "cable_id": 1614, "Name": "Scotland-Northern Ireland 2", "color": "#f89635", "length": "82 km", "rfs": "1993", "owners": "BT", "url": null, "Symbol": 5, "year": 1993}}, {"type": "Feature", "id": 198, "geometry": {"type": "LineString", "coordinates": [[-3.05075399986038, 53.8089769997826], [-4.56662200013152, 54.1002869999989]]}, "properties": {"OBJECTID": 198, "cable_id": 1616, "Name": "Lanis-1", "color": "#c1af30", "length": "113 km", "rfs": "1992", "owners": "Vodafone", "url": null, "Symbol": 20, "year": 1992}}, {"type": "Feature", "id": 199, "geometry": {"type": "MultiLineString", "coordinates": [[[103.946485000443, 1.32725800017487], [104.203906999913, 1.33828999974464], [104.370215000139, 1.38154000016674], [105.694531000414, 2.33376200041087], [106.294920999719, 5.59580000009321]], [[103.322656999568, 3.81517699968522], [106.294920999719, 5.59580000009321]], [[106.294920999719, 5.59580000009321], [108.45009500016, 6.88360500037678]], [[108.45009500016, 6.88360500037678], [100.59971000044, 7.07591899959228]], [[108.45009500016, 6.88360500037678], [112.172259999724, 9.09884499997352], [113.543840999709, 14.1769370001891]], [[113.543840999709, 14.1769370001891], [108.192477999798, 16.043395000189]], [[113.543840999709, 14.1769370001891], [114.607219999706, 18.0375409998159]], [[114.607219999706, 18.0375409998159], [114.258684999919, 22.3182960002112]], [[114.607219999706, 18.0375409998159], [121.140711000403, 21.5472180000259], [124.702622999591, 21.0692090003903], [125.907993000332, 24.4084860002135]], [[125.907993000332, 24.4084860002135], [122.919420999784, 25.2562800002801], [121.801452999633, 24.8635039999662]], [[125.907993000332, 24.4084860002135], [127.387581999763, 28.3606080002756]], [[127.387581999763, 28.3606080002756], [127.874984000198, 29.6357900003527]], [[127.874984000198, 29.6357900003527], [128.69969000043, 30.3235000002969]], [[127.874984000198, 29.6357900003527], [121.395300999855, 31.6198000003291]], [[121.191296999853, 30.3062179999432], [121.40731199982, 30.4935450003471], [127.387581999763, 28.3606080002756]], [[128.69969000043, 30.3235000002969], [132.237383000044, 29.6536130002755], [139.392357999697, 31.8039799998443]], [[128.69969000043, 30.3235000002969], [128.999495000095, 35.1703820000544]], [[139.392357999697, 31.8039799998443], [136.874001000377, 34.3368310000206]], [[139.392357999697, 31.8039799998443], [139.816967000001, 35.0375189997326]]]}, "properties": {"OBJECTID": 199, "cable_id": 1617, "Name": "Asia Pacific Gateway (APG)", "color": "#b3b5b7", "length": "10,400 km", "rfs": "2016", "owners": "NTT,  China Telecom,  China Unicom,  Chunghwa Telecom,  KT,  Starhub,  LG Uplus,  China Mobile,  Viettel Corporation,  Vietnam Telecom International,  Global Transit,  Facebook,  TIME dotCom", "url": null, "Symbol": 1, "year": 2016}}, {"type": "Feature", "id": 200, "geometry": {"type": "MultiLineString", "coordinates": [[[-60.9866009997076, 14.0324059996003], [-61.0947069999619, 14.0324059996003], [-61.3507610000016, 13.5059919997983], [-61.3628220001951, 13.2409200001663], [-61.2546680002602, 13.1878709998453], [-61.3615519997756, 13.136236000263], [-61.8729779997896, 12.2943259998092], [-61.7108680002612, 12.18801000025], [-61.873074999874, 12.0815569996141], [-61.6492960001456, 10.6876960000361]], [[-61.2840620001491, 14.2223799998994], [-61.2840127778614, 14.2223799998994]], [[-61.2840127778614, 14.2223799998994], [-60.9866009997076, 14.0324059996003]], [[-61.2840127778614, 14.2223799998994], [-61.1024988232429, 14.2223799998994]], [[-61.1024988232429, 14.2223799998994], [-60.9866009997076, 14.0324059996003]], [[-61.1024988232429, 14.2223799998994], [-60.7434370002399, 14.2223799998994], [-59.6074030002745, 13.0844960000029]], [[-61.1024988232429, 14.2223799998994], [-61.2706829998555, 14.4977750001513], [-61.0941699996614, 14.6154539995711], [-61.4184370003705, 14.6154539995711], [-61.5006629999217, 15.202988999647], [-61.3925089999868, 15.3080389999333], [-61.5006629999217, 15.3080389999333], [-61.820048000218, 15.8116320002418], [-61.9547649998479, 16.5345710004018], [-61.9808389998215, 16.9484760003938], [-61.8579389999876, 17.0514839996074]], [[-63.0732700002995, 17.0196440003258], [-61.9555459996475, 15.8168939996339], [-61.2841600000583, 14.2224739998648], [-61.2840127778614, 14.2223799998994]], [[-62.7297640003394, 17.2986390000036], [-63.0732700002995, 17.0196440003258]], [[-64.8192650000516, 17.773909999653], [-64.4949000003315, 17.8775689999624], [-63.5501249995609, 17.6525109999378], [-63.2386989999183, 17.1970739996867], [-63.0732700002995, 17.0196440003258]]]}, "properties": {"OBJECTID": 200, "cable_id": 1619, "Name": "Southern Caribbean Fiber", "color": "#38bced", "length": "n.a.", "rfs": "September 2006", "owners": "Digicel", "url": "http://www.southern-caribbean.com", "Symbol": 9, "year": 2006}}, {"type": "Feature", "id": 201, "geometry": {"type": "LineString", "coordinates": [[-171.766698999807, -13.8334860004194], [-170.695703000361, -14.2765490004213]]}, "properties": {"OBJECTID": 201, "cable_id": 1620, "Name": "Samoa-American Samoa (SAS)", "color": "#f04230", "length": "250 km", "rfs": "May 2009", "owners": "American Samoa Government,  Elandia", "url": null, "Symbol": 6, "year": 2009}}, {"type": "Feature", "id": 202, "geometry": {"type": "LineString", "coordinates": [[11.0908870001281, 36.8499359997228], [11.6601250001265, 36.4266309996763], [12.5913740002905, 37.6505839999484]]}, "properties": {"OBJECTID": 202, "cable_id": 1621, "Name": "HANNIBAL System", "color": "#ffd633", "length": "178 km", "rfs": "October 2009", "owners": "Tunisia Telecom", "url": "http://www.tunisietelecom.tn", "Symbol": 18, "year": 2009}}, {"type": "Feature", "id": 203, "geometry": {"type": "LineString", "coordinates": [[22.2977150004174, 59.5481199999991], [19.119298999961, 59.4316090000028], [18.0627570003356, 59.3323080000364], [19.119298999961, 59.4865930001655], [24.4400960003708, 59.7893250000615], [24.9324780002291, 60.171162999996], [24.7524979998067, 59.4364009997935], [22.2977150004174, 59.5481199999991]]}, "properties": {"OBJECTID": 203, "cable_id": 1624, "Name": "Pangea Baltic Ring", "color": "#0982c5", "length": "550 km", "rfs": "2000", "owners": "LinxTelecom", "url": null, "Symbol": 13, "year": 2000}}, {"type": "Feature", "id": 204, "geometry": {"type": "MultiLineString", "coordinates": [[[18.4220340003919, -33.9190029999558], [16.8962540000556, -33.052089000293], [9.10827099975618, -24.1248720003408], [9.10827099975618, -22.4722689996294]], [[9.10827099975618, -22.4722689996294], [14.5334619999695, -22.6854330001543]], [[9.10827099975618, -22.4722689996294], [9.10827099975618, -11.6154649997385]], [[9.10827099975618, -11.6154649997385], [13.2350260003976, -8.81256499966649]], [[9.10827099975618, -11.6154649997385], [9.10827099975618, -7.12052599957959]], [[9.10827099975618, -7.12052599957959], [12.3499680002405, -5.93337100040566]], [[9.10827099975618, -7.12052599957959], [9.10827099975618, -3.97275300041347], [6.82331200032671, 0.50129700038567], [6.5327839996187, 0.860060000288367], [6.65924899959021, 1.22493999970001]], [[6.65924899959021, 1.22493999970001], [9.45426700032652, 0.394463999870519]], [[6.65924899959021, 1.22493999970001], [6.68786199967943, 1.30763400036769], [6.65436600025088, 1.39881999960417]], [[6.65436600025088, 1.39881999960417], [9.76823100025989, 1.86015500013983]], [[6.65436600025088, 1.39881999960417], [6.49880000029352, 1.82042899978691], [6.30749199979657, 2.33912799959835], [1.92888099981298, 2.34293399975449]], [[0.523804000399927, 2.34293399975449], [-3.50807799979261, 2.3485930003704], [-4.02624099972151, 5.32350599960536], [-4.57067400034086, 2.32976100016847], [-10.1684729999537, 2.32546800010394], [-12.2217430003031, 5.26778800021213]], [[1.92888099981298, 2.34293399975449], [0.523804000399927, 2.34293399975449]], [[-12.2217430003031, 5.26778800021213], [-14.0342910003178, 7.84464200043164]], [[-0.20432000036937, 5.55828300033293], [0.523804000399927, 2.34293399975449]], [[-10.7971840001682, 6.30037999994965], [-12.2217430003031, 5.26778800021213]], [[2.4401119998333, 6.35667500027702], [1.92888099981298, 2.34293399975449]], [[3.4235089999444, 6.43906899965545], [4.44919200016614, 2.36108199983588]], [[-14.0342910003178, 7.84464200043164], [-14.7089969998222, 8.79516500027461]], [[-13.2381000002656, 8.48543899986887], [-14.0342910003178, 7.84464200043164]], [[-14.7089969998222, 8.79516500027461], [-13.7038220003444, 9.51343199976264]], [[-18.2195910001643, 13.7492380001678], [-14.7089969998222, 8.79516500027461]], [[-18.2195910001643, 13.7492380001678], [-16.5813589996365, 13.4561349999614]], [[-15.9782839997277, 18.0838710001523], [-18.7957635566765, 18.097794765484]], [[-18.7957635566765, 18.097794765484], [-18.7781349995747, 15.9093279999451], [-17.4457139999543, 14.6865979997627], [-18.2195910001643, 13.7492380001678]], [[-18.7957635566765, 18.097794765484], [-18.7958110002999, 18.0977950002993]], [[-16.306750000061, 28.0057949998682], [-18.8134379997231, 20.2648719998884], [-18.7957635566765, 18.097794765484]], [[-16.5227659998525, 28.292955999961], [-16.306750000061, 28.0057949998682]], [[-4.33854599997131, 47.8110199997087], [-10.2482580001968, 45.0334370000354], [-10.2482580001968, 38.8864750001195], [-9.99884399998763, 38.6806339997949], [-9.14806399978192, 38.7238460002566], [-15.7377559995617, 29.1481640001482], [-16.306750000061, 28.0057949998682]]]}, "properties": {"OBJECTID": 204, "cable_id": 1629, "Name": "Africa Coast to Europe (ACE)", "color": "#9ea0a2", "length": "17,000 km", "rfs": "December 2012", "owners": "Orange,  Dolphin Telecom,  Cote d’Ivoire Telecom,  Gambia Submarine Cable Company,  Portugal Telecom,  Orange Cameroun,  Sonatel,  Cable Consortium of Liberia,  STP Cabo,  International Mauritania Telecom,  Canalink,  Orange Mali,  Orange Niger,  Republic of Equatorial Guinea,  Sierra Leone Cable Company,  GUILAB,  Benin ACE GIE", "url": "http://www.ace-submarinecable.com", "Symbol": 0, "year": 2012}}, {"type": "Feature", "id": 205, "geometry": {"type": "MultiLineString", "coordinates": [[[63.3880180004055, 15.7470710000359], [61.3526669995573, 23.2573329998419], [58.8545250001797, 24.1962160004041]], [[58.5911459998711, 23.6151040001502], [58.8545250001797, 24.1962160004041]], [[58.8545250001797, 24.1962160004041], [57.252083999697, 24.7535860002447], [56.8550139997805, 25.5664190000776]], [[56.33372599993, 25.1216929997745], [56.8550139997805, 25.5664190000776]], [[55.3085309996049, 25.269351000354], [55.2574570002586, 26.0536379999785]], [[51.5192760003762, 25.294605999856], [52.6993530000451, 26.6938100003453]], [[56.8550139997805, 25.5664190000776], [56.5395850003323, 26.5632990003581], [56.0959329996982, 26.5632990003581], [55.2574570002586, 26.0536379999785]], [[55.2574570002586, 26.0536379999785], [53.804039999812, 26.1211729996564], [52.6993530000451, 26.6938100003453]], [[50.5760150004225, 26.2294970000944], [51.8864629997841, 27.1266909999862]], [[52.6993530000451, 26.6938100003453], [51.8864629997841, 27.1266909999862]], [[51.8864629997841, 27.1266909999862], [51.0494519998593, 27.6005769996917], [50.2141990002506, 26.2853730002554]]]}, "properties": {"OBJECTID": 205, "cable_id": 1631, "Name": "Tata TGN-Gulf", "color": "#4fc1af", "length": "4,031 km", "rfs": "February 2012", "owners": "Tata Communications", "url": "http://www.tatacommunications.com", "Symbol": 10, "year": 2012}}, {"type": "Feature", "id": 206, "geometry": {"type": "MultiLineString", "coordinates": [[[118.306924000013, 24.4760539999709], [118.300869000164, 24.5567310001401]], [[118.189053000007, 24.4939170003385], [118.289931999902, 24.4555210003295]]]}, "properties": {"OBJECTID": 206, "cable_id": 1632, "Name": "Xiamen-Kinmen Undersea Cable", "color": "#8dc851", "length": "21 km", "rfs": "August 2012", "owners": "Chunghwa Telecom,  China Telecom,  China Unicom,  China Mobile", "url": null, "Symbol": 11, "year": 2012}}, {"type": "Feature", "id": 207, "geometry": {"type": "LineString", "coordinates": [[-54.9420739999429, -34.9225620001313], [-55.4540370002573, -35.2572129997231], [-56.3307449999484, -36.0319929997367], [-56.6954419996445, -36.4709590002291]]}, "properties": {"OBJECTID": 207, "cable_id": 1633, "Name": "Bicentenario", "color": "#f89635", "length": "250 km", "rfs": "December 2011", "owners": "Antel Uruguay,  Telecom Argentina", "url": null, "Symbol": 5, "year": 2011}}, {"type": "Feature", "id": 208, "geometry": {"type": "LineString", "coordinates": [[-64.8016379997301, 32.2586539996346], [-64.5971459998316, 18.4144110003002]]}, "properties": {"OBJECTID": 208, "cable_id": 1634, "Name": "Caribbean-Bermuda U.S. (CBUS)", "color": "#6c70b5", "length": "1,600 km", "rfs": "October 2009", "owners": "C&W Networks", "url": "http://www.cwnetworks.com/", "Symbol": 7, "year": 2009}}, {"type": "Feature", "id": 209, "geometry": {"type": "LineString", "coordinates": [[119.292470000253, 26.071796999605], [121.462586000411, 25.1817150000952]]}, "properties": {"OBJECTID": 209, "cable_id": 1636, "Name": "Taiwan Strait Express-1 (TSE)-1", "color": "#f04230", "length": "260 km", "rfs": "January 2013", "owners": "China Unicom,  Far Eastone Telecommunications,  Taiwan Mobile,  China Telecom,  Chunghwa Telecom,  China Mobile", "url": null, "Symbol": 6, "year": 2013}}, {"type": "Feature", "id": 210, "geometry": {"type": "LineString", "coordinates": [[-6.24830999983364, 53.3481260001914], [-4.63039100005609, 53.3063360001063]]}, "properties": {"OBJECTID": 210, "cable_id": 1641, "Name": "CeltixConnect", "color": "#c1af30", "length": "131 km", "rfs": "January 2012", "owners": "AquaComms", "url": "http://www.aquacomms.com", "Symbol": 20, "year": 2012}}, {"type": "Feature", "id": 211, "geometry": {"type": "LineString", "coordinates": [[-64.9370869996541, 18.3729890001681], [-75.8406439998748, 27.3276290002679], [-78.8024090003299, 27.3276290002679], [-80.0533359997949, 26.7152710001722]]}, "properties": {"OBJECTID": 211, "cable_id": 1643, "Name": "Columbus-II b", "color": "#895c3c", "length": "2,068 km", "rfs": "December 1994", "owners": "n.a.", "url": null, "Symbol": 8, "year": 1994}}, {"type": "Feature", "id": 212, "geometry": {"type": "LineString", "coordinates": [[-64.9370869996541, 18.3729890001681], [-74.8807809997967, 27.6387359996426], [-80.3942540001339, 27.6387359996426]]}, "properties": {"OBJECTID": 212, "cable_id": 1645, "Name": "Americas-I North", "color": "#f04230", "length": "2,012 km", "rfs": "September 1994", "owners": "n.a.", "url": null, "Symbol": 6, "year": 1994}}, {"type": "Feature", "id": 213, "geometry": {"type": "LineString", "coordinates": [[103.962597999948, 1.1347250003427], [103.006154000418, 1.20873199961882], [102.269434999858, 1.7882189999227], [101.700197999685, 1.69568399967921], [101.447658999554, 1.66552099968763], [101.670607999977, 1.70788500029272], [101.775686000394, 1.78138599976496], [101.913967000337, 1.9600989996695], [102.220899999729, 2.27326400027697]]}, "properties": {"OBJECTID": 213, "cable_id": 1648, "Name": "Batam Dumai Melaka (BDM) Cable System", "color": "#ffd633", "length": "353 km", "rfs": "November 2009", "owners": "Moratelindo,  Telekom Malaysia", "url": "http://www.moratelindo.co.id", "Symbol": 18, "year": 2009}}, {"type": "Feature", "id": 214, "geometry": {"type": "LineString", "coordinates": [[15.5577779996874, 78.2219500000214], [13.8987949996398, 78.1807359999319], [12.9266279996939, 78.0079820000751], [16.1672499997525, 70.1342470000494], [16.5124649996249, 68.7069030000557], [16.5453750001459, 70.1342470000494], [13.3586590003505, 77.9798579999712], [14.0878569999241, 78.1196939999896], [15.5577779996874, 78.2219500000214]]}, "properties": {"OBJECTID": 214, "cable_id": 1651, "Name": "Svalbard Undersea Cable System", "color": "#0982c5", "length": "2,714 km", "rfs": "January 2004", "owners": "Telenor", "url": null, "Symbol": 13, "year": 2004}}, {"type": "Feature", "id": 215, "geometry": {"type": "LineString", "coordinates": [[-0.376976000347781, 39.4596480002324], [0.458960999874491, 39.1283210002526], [0.512964000222059, 36.558839999655], [-0.642015000164916, 35.7016449999102]]}, "properties": {"OBJECTID": 215, "cable_id": 1664, "Name": "Oran-Valencia (ORVAL)", "color": "#9ea0a2", "length": "560 km", "rfs": "2016", "owners": "Algerie Telecom", "url": null, "Symbol": 0, "year": 2016}}, {"type": "Feature", "id": 216, "geometry": {"type": "LineString", "coordinates": [[22.6391209997547, 32.7636349996247], [23.2990810002584, 35.4644140001609], [23.5314050004465, 35.735659000219], [23.8554279998599, 35.735659000219], [24.0121670001523, 35.5120439998601]]}, "properties": {"OBJECTID": 216, "cable_id": 1665, "Name": "Silphium", "color": "#76266a", "length": "425 km", "rfs": "January 2013", "owners": "Libya International Telecommunications Company", "url": "http://www.litc.ly", "Symbol": 24, "year": 2013}}, {"type": "Feature", "id": 217, "geometry": {"type": "MultiLineString", "coordinates": [[[-15.7394169997935, 28.3947189998837], [-16.0311639999689, 28.292955999961], [-16.5227659998525, 28.292955999961], [-16.067981000036, 28.1819719997116], [-16.2580690003422, 27.8249249997616], [-16.6584590001741, 27.8249249997616], [-17.3648059996049, 28.6632679998456], [-17.7651960003351, 28.6632679998456]], [[-15.7394169997935, 28.3947189998837], [-15.4877079998661, 28.1343589999695]], [[-15.4744270003801, 28.4871150000648], [-15.7394169997935, 28.3947189998837]], [[-15.4744270003801, 28.4871150000648], [-15.254064999753, 28.2601030003516], [-15.254064999753, 27.9593980000738], [-15.3987429998519, 27.9593980000738]], [[-15.4744270003801, 28.4871150000648], [-15.6999150000209, 28.5020489997463], [-16.4125609996987, 28.3105830001226]], [[-8.28009599964587, 35.8170270003179], [-10.9733550000555, 34.8407449998039], [-10.7754059999031, 33.870178999715], [-15.4744270003801, 28.4871150000648]], [[-8.28009599964587, 35.8170270003179], [-6.03576100027039, 35.4706179996911]], [[-6.36300700041291, 36.6262699999172], [-8.28009599964587, 35.8170270003179]]]}, "properties": {"OBJECTID": 217, "cable_id": 1666, "Name": "Canalink", "color": "#4fc1af", "length": "1,835 km", "rfs": "2011", "owners": "IT3", "url": null, "Symbol": 10, "year": 2011}}, {"type": "Feature", "id": 218, "geometry": {"type": "MultiLineString", "coordinates": [[[48.2229889999135, -10.1920669997347], [45.1657650001019, -12.817091999646]], [[39.7001440000033, -4.05029700038376], [43.8362740004095, -4.90042199993874], [52.9282590004088, -15.727923999723], [51.6345100003576, -19.1852489995963]]]}, "properties": {"OBJECTID": 218, "cable_id": 1667, "Name": "Lower Indian Ocean Network 2 (LION2)", "color": "#548f51", "length": "2,700 km", "rfs": "April 2012", "owners": "Orange,  Mauritius Telecom,  Orange Madagascar,  Telkom Kenya,  Société réunionnaise du radiotéléphone,  Emtel,  STOI", "url": null, "Symbol": 12, "year": 2012}}, {"type": "Feature", "id": 219, "geometry": {"type": "LineString", "coordinates": [[16.8688119997533, 41.1257129997823], [18.158557000174, 41.2108409998808], [19.3541620002648, 41.2108409998808]]}, "properties": {"OBJECTID": 219, "cable_id": 1668, "Name": "Balkans-Italy Network (BIN)", "color": "#9ea0a2", "length": "276 km", "rfs": "Q2 2016", "owners": "UNIFI Communications", "url": "http://bin.al", "Symbol": 0, "year": 2016}}, {"type": "Feature", "id": 220, "geometry": {"type": "MultiLineString", "coordinates": [[[8.01836124419225, -25.4475361550467], [8.01832999988834, -25.4475479996036]], [[8.01836124419225, -25.4475361550467], [16.4080699999965, -33.7778799996858], [18.1555300001617, -33.3480609996475], [16.6000620002087, -33.9226489999492], [18.4153929998382, -35.6555800002998], [26.5066959997116, -35.6555800002998], [32.0355009997538, -30.7836189997606], [31.7579620002504, -28.9505550000196]], [[14.5223299997136, -22.9573579998081], [8.01836124419225, -25.4475361550467]], [[-38.5429650003327, -3.71873699985809], [-34.1085929996854, -3.8378129999007], [-32.888721000341, -4.81722600018491], [-6.07970699988951, -15.5611939997019], [-5.70470700031601, -15.9221290000614], [-6.07970699988951, -15.9221290000614], [-6.07970699988951, -16.1623930001169], [6.74225699966417, -24.1224660001349], [8.01836124419225, -25.4475361550467]]]}, "properties": {"OBJECTID": 220, "cable_id": 1669, "Name": "South Atlantic Express (SAEx)", "color": "#9ea0a2", "length": "10,400 km", "rfs": "2017", "owners": "SimplCom", "url": null, "Symbol": 0, "year": 2017}}, {"type": "Feature", "id": 221, "geometry": {"type": "MultiLineString", "coordinates": [[[-70.1883530001928, 16.9820080000875], [-67.2531499996079, 16.9733220001723], [-64.5971459998316, 18.4144110003002]], [[-76.71676599976, 17.9499549998594], [-76.0119320004228, 16.9733220001723], [-70.1883530001928, 16.9820080000875]], [[-70.1617899995994, 18.6993690001115], [-70.1883530001928, 16.9820080000875]]]}, "properties": {"OBJECTID": 221, "cable_id": 1671, "Name": "East-West", "color": "#ca1c6e", "length": "1,750 km", "rfs": "February 2011", "owners": "C&W Networks", "url": "http://www.cwc.com", "Symbol": 22, "year": 2011}}, {"type": "Feature", "id": 222, "geometry": {"type": "LineString", "coordinates": [[39.2696749998442, -6.82313199991862], [55.4450540001298, -4.61761200004992]]}, "properties": {"OBJECTID": 222, "cable_id": 1672, "Name": "Seychelles to East Africa System (SEAS)", "color": "#f04230", "length": "1,930 km", "rfs": "August 2012", "owners": "Seychelles Cable System Ltd.", "url": null, "Symbol": 6, "year": 2012}}, {"type": "Feature", "id": 223, "geometry": {"type": "MultiLineString", "coordinates": [[[-7.85324100002822, 50.8188880000595], [-20.0237400002075, 48.7559269998764], [-56.9968580002109, 41.7097760002868], [-63.5758079997222, 44.6461800002025]], [[-3.01086100027554, 51.2936450000443], [-4.34406299969546, 51.397432999929], [-7.85324100002822, 50.8188880000595]], [[-8.47272200024286, 51.8986059999923], [-8.32755700007223, 51.6678249998948], [-7.85324100002822, 50.8188880000595]]]}, "properties": {"OBJECTID": 223, "cable_id": 1673, "Name": "Hibernia Express", "color": "#9ea0a2", "length": "4,600 km", "rfs": "September 2015", "owners": "Hibernia Networks", "url": "http://www.hibernianetworks.com", "Symbol": 0, "year": 2015}}, {"type": "Feature", "id": 224, "geometry": {"type": "LineString", "coordinates": [[37.2196769997295, 19.615563999896], [37.6405750003052, 20.9415759996766], [39.1827610000491, 21.4815320001973]]}, "properties": {"OBJECTID": 224, "cable_id": 1675, "Name": "Saudi Arabia-Sudan-2 (SAS-2)", "color": "#f5cb13", "length": "330 km", "rfs": "July 2011", "owners": "Sudan Telecom Company,  Saudi Telecom", "url": null, "Symbol": 28, "year": 2011}}, {"type": "Feature", "id": 225, "geometry": {"type": "LineString", "coordinates": [[34.7696789997702, 32.0450100001424], [32.0372590000699, 33.5273189999709], [22.8884370000546, 34.8682319996706], [18.7837519997563, 39.619532999662], [18.7837519997563, 40.6435259999764], [16.8688119997533, 41.1257129997823]]}, "properties": {"OBJECTID": 225, "cable_id": 1677, "Name": "Jonah", "color": "#ffd633", "length": "2,297 km", "rfs": "January 2012", "owners": "Bezeq International Ltd.", "url": "http://www.bezeqint.net", "Symbol": 18, "year": 2012}}, {"type": "Feature", "id": 226, "geometry": {"type": "MultiLineString", "coordinates": [[[106.930369999674, 2.63543000042512], [103.850683999882, 2.29570699985265]], [[106.930369999674, 2.63543000042512], [104.390235000088, 1.3727530000374], [104.199316999579, 1.32237599987386], [103.985937999812, 1.38534700043737]], [[110.317280999834, 4.31693700035593], [106.930369999674, 2.63543000042512]], [[110.317280999834, 4.31693700035593], [103.916699999844, 8.30593899970233], [103.507032000332, 10.6355839996376]], [[119.371961999695, 18.7594839999284], [119.371940802149, 18.7594989210477]], [[119.371940802149, 18.7594989210477], [118.032510000431, 17.9927789998573], [116.649894000275, 11.5213899999507], [110.317280999834, 4.31693700035593]], [[119.371940802149, 18.7594989210477], [114.258684999919, 22.3182960002112]], [[126.857211000226, 19.4797309997341], [124.031139000092, 15.1690609999787], [122.950085000092, 14.1165219995738]], [[126.857211000226, 19.4797309997341], [122.024011000244, 20.2672539999872], [119.371940802149, 18.7594989210477]], [[139.816967000001, 35.0375189997326], [140.195873000194, 28.0969780002628], [126.857211000226, 19.4797309997341]]]}, "properties": {"OBJECTID": 226, "cable_id": 1679, "Name": "Asia Submarine-cable Express (ASE)/Cahaya Malaysia", "color": "#f89635", "length": "7,500 km", "rfs": "August 2012", "owners": "NTT,  PLDT,  Telekom Malaysia,  Starhub", "url": null, "Symbol": 5, "year": 2012}}, {"type": "Feature", "id": 227, "geometry": {"type": "LineString", "coordinates": [[103.466700000356, -0.816539000061084], [103.904102000248, -0.4609960002152], [103.842285999735, 0.305402999674041], [103.597168999958, 0.738001000083141], [103.721386999892, 1.1649919995558], [103.962597999948, 1.1347250003427], [103.705958000102, 1.25930699979887]]}, "properties": {"OBJECTID": 227, "cable_id": 1680, "Name": "PGASCOM", "color": "#895c3c", "length": "264 km", "rfs": "2010", "owners": "PGASCOM", "url": "http://www.pgascom.co.id", "Symbol": 8, "year": 2010}}, {"type": "Feature", "id": 228, "geometry": {"type": "LineString", "coordinates": [[168.323001999684, -17.730505000092], [178.426705999631, -18.1515610000204]]}, "properties": {"OBJECTID": 228, "cable_id": 1682, "Name": "Interchange Cable Network 1 (ICN1)", "color": "#b2703f", "length": "1,238 km", "rfs": "January 2014", "owners": "Interchange", "url": "http://www.interchange.vu", "Symbol": 4, "year": 2014}}, {"type": "Feature", "id": 229, "geometry": {"type": "MultiLineString", "coordinates": [[[115.857316000041, -31.9534390003597], [112.770990000419, -31.3273979998196], [103.623535999834, -7.61581400034618], [105.846190999752, -5.78493199994626], [106.349998999594, -5.28940600024876]], [[106.349998999594, -5.28940600024876], [106.833397000398, -6.17158700020941]], [[106.349998999594, -5.28940600024876], [106.945799000361, -4.57468399989861], [106.945799000361, -2.18664100033347], [104.534765999874, 0.517701999857273], [104.241699999774, 0.590452999706853], [103.952833000196, 0.899313000029033], [103.825293999623, 0.950087000080486], [103.788575000364, 1.01326199969394], [103.946485000443, 1.32725800017487]]]}, "properties": {"OBJECTID": 229, "cable_id": 1683, "Name": "Australia-Singapore Cable (ASC)", "color": "#b3b5b7", "length": "4,600 km", "rfs": "2017", "owners": "Nextgen Networks", "url": "http://www.ascinternational.net", "Symbol": 1, "year": 2017}}, {"type": "Feature", "id": 230, "geometry": {"type": "LineString", "coordinates": [[-6.19796799988318, 53.4101369999301], [-5.62296899976318, 53.6053640001177], [-5.09074200000062, 53.5418679997889], [-4.63039100005609, 53.3063360001063]]}, "properties": {"OBJECTID": 230, "cable_id": 1684, "Name": "Emerald Bridge Fibres", "color": "#38bced", "length": "120 km", "rfs": "December 2012", "owners": "Zayo Group,  ESB Telecoms", "url": "http://www.emeraldbridgefibres.com", "Symbol": 9, "year": 2012}}, {"type": "Feature", "id": 231, "geometry": {"type": "LineString", "coordinates": [[-6.16583900006011, 53.5265449997923], [-5.65802699968926, 53.765215999929], [-3.33083200037782, 53.4519410001914], [-3.02755999958603, 53.2017270001029]]}, "properties": {"OBJECTID": 231, "cable_id": 1685, "Name": "Geo-Eirgrid", "color": "#91a34b", "length": "187 km", "rfs": "December 2012", "owners": "Eirgrid", "url": "http://www.geo-uk.net", "Symbol": 2, "year": 2012}}, {"type": "Feature", "id": 232, "geometry": {"type": "MultiLineString", "coordinates": [[[-43.2095630003604, -22.9034840000527], [-41.6144470001467, -23.1545009997653], [-38.5910610000704, -19.3090709997497], [-38.0086389997722, -17.2808579998435], [-35.7998030003638, -14.3493159999403]], [[-35.7998030003638, -14.3493159999403], [-33.3208490001836, -11.0125739996166], [-33.3208490001836, -5.02544000010993], [-34.3785149997402, -4.17662999999285], [-38.5429650003327, -3.71873699985809], [-39.1838819996073, -0.038735999785681], [-52.0240099997829, 10.5809679998418], [-59.7271299996079, 19.6872990001405], [-64.9092418363506, 21.6289403174345]], [[-38.5044879998589, -12.9699729997316], [-35.7998030003638, -14.3493159999403]], [[-75.5057319998798, 10.3868030001093], [-80.5191070002775, 15.7200929996815], [-82.2664689996351, 16.8477480001025], [-85.2306913514313, 19.8886424108693]], [[-88.5971289997667, 15.7272380003999], [-85.2306913514313, 19.8886424108693]], [[-70.6911840004167, 19.7994360001768], [-70.6911840004167, 21.3255109998985]], [[-70.6835670000698, 19.8033870003551], [-68.7645740000325, 20.2704600002496], [-66.6905039997595, 19.436453999923], [-66.1066660003502, 18.4661050003949], [-64.9092418363506, 21.6289403174345]], [[-85.2306913514313, 19.8886424108693], [-85.2306269997176, 19.8887209999994]], [[-85.2306913514313, 19.8886424108693], [-85.8924430004467, 20.5599449999307], [-85.8924430004467, 21.1018289996501]], [[-86.7675889996403, 21.0957250000442], [-85.8924430004467, 21.1018289996501]], [[-85.8924430004467, 21.1018289996501], [-85.8924430004467, 21.6085160001424], [-83.4063120001356, 23.913976999677], [-81.0059230000078, 23.913976999677], [-79.3898599995573, 24.5278599999637], [-80.2264310001644, 25.7890019999075]], [[-70.6911840004167, 21.3255109998985], [-72.6458699996914, 21.0104200001074], [-73.9446979997988, 20.5037010001636], [-75.0128610002999, 18.3172810004258], [-74.7797560003122, 10.9404500001076]], [[-64.9092418363506, 21.6289403174345], [-69.2178449999305, 23.2237729996803]], [[-64.909205999859, 21.6290340000385], [-64.9092418363506, 21.6289403174345]], [[-69.2178449999305, 23.2237729996803], [-70.6911840004167, 21.3255109998985]], [[-69.2178449999305, 23.2237729996803], [-73.3343460002, 28.715438999836], [-81.6556299999645, 30.3320980002663]]]}, "properties": {"OBJECTID": 232, "cable_id": 1686, "Name": "America Movil Submarine Cable System-1 (AMX-1)", "color": "#565da6", "length": "17,800 km", "rfs": "2014", "owners": "América Móvil", "url": "http://www.americamovil.com", "Symbol": 17, "year": 2014}}, {"type": "Feature", "id": 233, "geometry": {"type": "MultiLineString", "coordinates": [[[-179.99979800043, -18.8682199997154], [-175.199996999793, -21.1334679998772]], [[179.999947000393, -18.8682199997154], [178.437447999899, -18.1238119996002]]]}, "properties": {"OBJECTID": 233, "cable_id": 1687, "Name": "Tonga Cable", "color": "#a6459a", "length": "827 km", "rfs": "August 2013", "owners": "Tonga Communications Corporation,  Government of Tonga", "url": "http://www.tongacable.net", "Symbol": 30, "year": 2013}}, {"type": "Feature", "id": 234, "geometry": {"type": "MultiLineString", "coordinates": [[[10.5146179995887, 57.2449169998869], [10.9669610002723, 57.2726460001907]], [[11.1992849995621, 57.3137520000448], [12.2903000000308, 56.6833689999969], [12.6833660003169, 56.6833689999969]]]}, "properties": {"OBJECTID": 234, "cable_id": 1688, "Name": "Kattegat 2", "color": "#ffd633", "length": "75 km", "rfs": "2001", "owners": "TDC", "url": null, "Symbol": 18, "year": 2001}}, {"type": "Feature", "id": 235, "geometry": {"type": "LineString", "coordinates": [[60.6328439997486, 25.2959300000755], [58.0044279998644, 23.6796019997421], [57.95931099956, 25.1908170000797], [57.7972989999409, 25.6813269997475]]}, "properties": {"OBJECTID": 235, "cable_id": 1689, "Name": "Pishgaman Oman Iran (POI) Network", "color": "#b3b5b7", "length": "400 km", "rfs": "June 2012", "owners": "Pishgaman Kavir", "url": "http://www.pishgaman.com", "Symbol": 1, "year": 2012}}, {"type": "Feature", "id": 236, "geometry": {"type": "LineString", "coordinates": [[-9.23214599955841, 54.2071150002044], [-9.44840499992257, 54.3967559999982], [-20.2841400001844, 54.414347999915], [-56.8652179999237, 42.9819329999286], [-72.8721890002588, 40.8005799998395]]}, "properties": {"OBJECTID": 236, "cable_id": 1691, "Name": "AEConnect (AEC)", "color": "#b3b5b7", "length": "5,400 km", "rfs": "December 2015", "owners": "AquaComms", "url": "http://www.aquacomms.com", "Symbol": 1, "year": 2015}}, {"type": "Feature", "id": 237, "geometry": {"type": "MultiLineString", "coordinates": [[[144.800361999805, 13.5136829996728], [127.11482799969, 25.8140589997616]], [[127.11482799969, 25.8140589997616], [127.680842999857, 26.2124139999416]], [[127.11482799969, 25.8140589997616], [127.680842999857, 33.5467740000588], [129.701057000096, 34.033165000295], [130.45720800025, 34.033165000295], [131.031915000292, 33.8395239999059]]]}, "properties": {"OBJECTID": 237, "cable_id": 1692, "Name": "Guam Okinawa Kyushu Incheon (GOKI)", "color": "#548f51", "length": "4,244 km", "rfs": "December 2013", "owners": "AT&T", "url": "http://www.att.com", "Symbol": 12, "year": 2013}}, {"type": "Feature", "id": 238, "geometry": {"type": "MultiLineString", "coordinates": [[[-154.752746000172, 59.442186000096], [-154.792004000446, 59.5278709998049], [-154.84669099961, 59.7080489997973], [-154.906115000321, 59.7547130000182], [-154.821691000238, 59.7167170000234], [-154.64644699974, 59.7068909999087], [-154.473254000359, 59.7553030000475], [-154.315441000364, 59.7608119998863], [-154.168664000366, 59.7473829999603], [-154.120129000237, 59.7663199998342], [-154.106114999734, 59.7872120000787], [-154.093567000367, 59.767105999789], [-154.043566999825, 59.7568769999602], [-153.954503999901, 59.7718270000353], [-153.880480999605, 59.7761039999271], [-153.956067000224, 59.7639590001953], [-154.035753999659, 59.7340470002088], [-154.123254000158, 59.7119889999689], [-154.245128999795, 59.7017430002039], [-154.392003999703, 59.6978010001536], [-154.647374999852, 59.6535979999286], [-154.695129000182, 59.6180810001525], [-154.75450399959, 59.5215310001543], [-154.752746000172, 59.442186000096]], [[-151.544252000112, 59.6465670001919], [-152.042590999911, 59.5608130000673], [-153.310511000211, 59.5376260001886], [-153.545129000292, 59.6180810001525], [-153.591076999726, 59.6355359997881], [-153.632140999996, 59.6823750001438]], [[-154.89976699967, 59.7181200000174], [-154.876379000125, 59.6954359998021], [-154.943565999874, 59.6330919999716], [-155.045127999659, 59.5975280001341], [-155.793565000281, 59.400852999947], [-155.894737000078, 59.3277749998556], [-155.776378000175, 59.3873289999684], [-155.264952000161, 59.4623620000927], [-154.793566000045, 59.4699780001698], [-154.752746000172, 59.442186000096]], [[-154.858848999888, 59.9491820001215], [-154.847715999807, 59.9726220002237], [-154.708116999765, 60.0603230001893], [-154.558116999935, 60.1288760000612], [-154.517639000369, 60.1419810000029], [-154.42950399966, 60.1791529998071], [-154.390441000279, 60.1946900000734], [-154.336925999828, 60.2003679998143]]]}, "properties": {"OBJECTID": 238, "cable_id": 1693, "Name": "TERRA SW", "color": "#f37380", "length": "n.a.", "rfs": "2012", "owners": "GCI", "url": "http://www.alaskaunited.com", "Symbol": 14, "year": 2012}}, {"type": "Feature", "id": 239, "geometry": {"type": "MultiLineString", "coordinates": [[[57.3238619996058, 24.4208470001846], [58.0044279998644, 23.6796019997421]], [[57.7972989999409, 25.6813269997475], [57.7972989999409, 25.1908170000797], [57.3238619996058, 24.4208470001846]], [[56.2468120001349, 26.1813069998908], [56.3282569998864, 26.4355260000248], [56.4897799997839, 26.4355260000248], [56.5708350004465, 25.7908479998738], [56.2579450002157, 25.616975000293], [57.3238619996058, 24.4208470001846]]]}, "properties": {"OBJECTID": 239, "cable_id": 1695, "Name": "OMRAN/EPEG Cable System", "color": "#f04230", "length": "600 km", "rfs": "Q1 2013", "owners": "Omantel,  Vodafone", "url": "http://www.omantel.om", "Symbol": 6, "year": 2013}}, {"type": "Feature", "id": 240, "geometry": {"type": "LineString", "coordinates": [[-0.376976000347781, 39.4596480002324], [2.60524800044742, 39.3847379999606], [2.60524800044742, 39.5523260001456]]}, "properties": {"OBJECTID": 240, "cable_id": 1696, "Name": "Balalink", "color": "#38bced", "length": "274 km", "rfs": "October 2001", "owners": "IslaLink", "url": "http://www.islalink.es", "Symbol": 9, "year": 2001}}, {"type": "Feature", "id": 241, "geometry": {"type": "MultiLineString", "coordinates": [[[-2.55822499968897, 49.4268510002328], [-2.55822499968897, 49.3740079999295], [-3.45988400014558, 48.8734149998019], [-3.45988400014558, 48.7305549999042]], [[-2.53757000042862, 49.5095440002316], [-5.65451199978031, 49.9203849998052], [-5.65451199978031, 50.0431510002542]]]}, "properties": {"OBJECTID": 241, "cable_id": 1697, "Name": "High-capacity Undersea Guernsey Optical-fibre (HUGO)", "color": "#0982c5", "length": "425 km", "rfs": "2007", "owners": "Sure", "url": null, "Symbol": 13, "year": 2007}}, {"type": "Feature", "id": 242, "geometry": {"type": "LineString", "coordinates": [[9.76823100025989, 1.86015500013983], [9.4250680004314, 2.96716199988512], [9.0528020000689, 3.85951099972061], [8.78229500003313, 3.85951099972061], [8.78229500003313, 3.75086499994362]]}, "properties": {"OBJECTID": 242, "cable_id": 1699, "Name": "Ceiba-1", "color": "#0982c5", "length": "287 km", "rfs": "June 2011", "owners": "Ministerio de Transportes,  Tecnologia,  Correos y Telecomunicaciones", "url": null, "Symbol": 13, "year": 2011}}, {"type": "Feature", "id": 243, "geometry": {"type": "MultiLineString", "coordinates": [[[-2.02131100040564, 49.2252789998528], [-1.65002199966136, 49.2832829999938]], [[-2.52941599978119, 49.4510450000211], [-2.20138899983909, 49.2656020000244], [-2.20138899983909, 49.2480419999804]]]}, "properties": {"OBJECTID": 243, "cable_id": 1700, "Name": "INGRID", "color": "#bd75b1", "length": "64 km", "rfs": "October 2004", "owners": "n.a.", "url": null, "Symbol": 3, "year": 2004}}, {"type": "Feature", "id": 244, "geometry": {"type": "LineString", "coordinates": [[-6.30905199974592, 36.5327140001881], [-9.62325900043312, 35.833020999771], [-11.4776519996191, 35.0039290000748], [-11.3110990000691, 33.9528449997225], [-15.5464970003669, 28.8682909997164], [-15.9405390004463, 28.345052999745], [-16.5227659998525, 28.292955999961]]}, "properties": {"OBJECTID": 244, "cable_id": 1701, "Name": "Pencan-8", "color": "#b3b5b7", "length": "1,400 km", "rfs": "2011", "owners": "Telefonica", "url": null, "Symbol": 1, "year": 2011}}, {"type": "Feature", "id": 245, "geometry": {"type": "LineString", "coordinates": [[-2.20138899983909, 49.2480419999804], [-2.55807800027421, 49.423325999758]]}, "properties": {"OBJECTID": 245, "cable_id": 1702, "Name": "Guernsey-Jersey-4", "color": "#f89635", "length": "36 km", "rfs": "Janaury 1994", "owners": "n.a.", "url": null, "Symbol": 5, "year": 1994}}, {"type": "Feature", "id": 246, "geometry": {"type": "LineString", "coordinates": [[-2.53337099990615, 49.5033930001119], [-3.47023600042682, 50.2825020000901], [-3.57839000036166, 50.3517500000716]]}, "properties": {"OBJECTID": 246, "cable_id": 1703, "Name": "UK-Channel Islands-7", "color": "#ffd633", "length": "124 km", "rfs": "January 1994", "owners": "n.a.", "url": null, "Symbol": 18, "year": 1994}}, {"type": "Feature", "id": 247, "geometry": {"type": "LineString", "coordinates": [[-2.22599800029783, 49.2157110000705], [-5.17296900027497, 50.0225440002882]]}, "properties": {"OBJECTID": 247, "cable_id": 1704, "Name": "UK-Channel Islands-8", "color": "#895c3c", "length": "237 km", "rfs": "January 1994", "owners": "n.a.", "url": null, "Symbol": 8, "year": 1994}}, {"type": "Feature", "id": 248, "geometry": {"type": "LineString", "coordinates": [[35.9993650001689, 36.0823380003409], [35.7830570002993, 36.0823380003409], [34.1131360001645, 35.2972890000074], [33.8968280002948, 35.2972890000074]]}, "properties": {"OBJECTID": 248, "cable_id": 1705, "Name": "Turcyos-2", "color": "#6c70b5", "length": "213 km", "rfs": "March 2011", "owners": "Turk Telekom", "url": "http://www.turktelekom.com.tr", "Symbol": 7, "year": 2011}}, {"type": "Feature", "id": 249, "geometry": {"type": "LineString", "coordinates": [[-38.5429650003327, -3.71873699985809], [-34.2435539997129, -4.00723899996397], [-33.1047849998131, -4.92134099960553], [-33.1047849998131, -8.81256499966649], [13.2350260003976, -8.81256499966649]]}, "properties": {"OBJECTID": 249, "cable_id": 1709, "Name": "South Atlantic Cable System (SACS)", "color": "#b3b5b7", "length": "6,500 km", "rfs": "Q1 2017", "owners": "Angola Cables", "url": "http://www.angolacables.co.ao", "Symbol": 1, "year": 2017}}, {"type": "Feature", "id": 250, "geometry": {"type": "MultiLineString", "coordinates": [[[140.612475000163, 36.3834809996812], [144.390011000403, 37.0489469998683], [157.31558799996, 45.6328180002223], [163.302106999922, 49.960136999714]], [[-122.329428999893, 47.6037899999046], [-122.59446799971, 47.9793950001105], [-122.97913599985, 48.2297760000493], [-123.699936000175, 48.1951890001764], [-124.726205000203, 48.3480360001872], [-125.895833000404, 48.5543000000073], [-128.319072999776, 49.960136999714], [-179.99989600034, 49.960136999714]], [[163.302106999922, 49.960136999714], [179.999947000393, 49.960136999714]], [[163.302106999922, 49.960136999714], [179.999947000393, 60.1776229998656]], [[-8.47272200024286, 50.9807450001896], [-19.0931739999338, 50.1223580000054], [-56.68543199967, 59.1043879998087], [-64.5170679996855, 60.9771239998207], [-67.0998290000383, 61.2229170001691], [-70.0262429997661, 61.7290870000477], [-73.0327840000437, 62.9099310001761], [-76.1338559995651, 63.0427549999461], [-78.7219889998771, 62.7783109999854]], [[-2.9748750002368, 51.2224459998168], [-3.94347799986997, 51.3420760001054], [-8.47272200024286, 50.9807450001896]], [[-8.47272200024286, 51.8986059999923], [-8.47272200024286, 50.9807450001896]], [[-78.7219889998771, 62.7783109999854], [-78.7940110001833, 62.094114999961], [-79.2261390000259, 61.169018999977], [-81.2065579996906, 59.7648199997761], [-81.6746239998915, 56.7691209999654], [-80.9545070003548, 54.9676570000773], [-79.4339030001591, 53.7828760002144], [-78.8938149996521, 53.7828760002144]], [[-78.7219889998771, 62.7783109999854], [-79.5436189996931, 63.673025999979], [-79.8022620000772, 67.0902030000912], [-80.5065089997835, 69.1677560000627], [-81.3849759996156, 69.5899190000514], [-83.1615369997666, 69.8489979999149], [-84.7832149998506, 69.9363019999171], [-86.1288690001746, 69.886593000077], [-87.3947859999361, 69.8177550001496], [-88.6962009998397, 69.900374000088], [-90.5324300002005, 70.5584730000102], [-91.9008369998595, 71.472633999903], [-94.0334039996571, 71.8834749998915], [-94.5057179998858, 72.011891999872], [-94.8551320002807, 71.9979229999677], [-95.3047900003605, 71.9548509999219], [-96.0235879999722, 71.8920660001311], [-97.193899999889, 71.4024220001089], [-98.5306670003449, 70.7272260000899], [-99.4262230003731, 69.7761539999632], [-101.082714999986, 69.1135449999042], [-101.083350000195, 68.681035999862], [-101.420264000006, 68.3587590001609], [-102.321971999968, 68.2684340000484], [-103.21616100039, 68.3687330000147], [-104.849313999964, 68.709261000011], [-105.635105000054, 68.9257630001201]], [[-105.635105000054, 68.9257630001201], [-105.053805999862, 69.1176529998552]], [[-105.635105000054, 68.9257630001201], [-105.964353000012, 69.0100359999735], [-106.747066999861, 69.0241989999803], [-107.535396000242, 68.8317189998704], [-108.666547999795, 68.6820120000796], [-111.175140000261, 68.114626999885], [-112.514885000326, 68.0220550000406], [-113.470840999959, 68.299979000084], [-113.692911999601, 68.6068170001454], [-113.995646000267, 68.8569189998807], [-114.441349000222, 69.0539800000263], [-116.194374999617, 69.1509569998545], [-118.042127000046, 69.4623720001558], [-125.793879999909, 70.971850999976], [-139.803538000377, 71.947528999985], [-148.338395000077, 71.947528999985]], [[-148.338395000077, 70.2557449998737], [-148.338395000077, 71.947528999985]], [[-148.338395000077, 71.947528999985], [-168.694435000368, 71.947528999985], [-168.694435000368, 65.7235089999582], [-175.57040699993, 62.4622779999078], [-179.99989600034, 60.1776229998656]]]}, "properties": {"OBJECTID": 250, "cable_id": 1712, "Name": "Arctic Fibre", "color": "#9ea0a2", "length": "15,263 km", "rfs": "December 2016", "owners": "Arctic Fibre Inc.", "url": "http://www.arcticfibre.com", "Symbol": 0, "year": 2016}}, {"type": "Feature", "id": 251, "geometry": {"type": "LineString", "coordinates": [[32.4666529998032, 34.7665719996785], [32.4666529998032, 34.4090509999131], [34.242530000239, 32.8115799996853], [34.9987800001275, 32.8115799996853]]}, "properties": {"OBJECTID": 251, "cable_id": 1713, "Name": "Tamares North", "color": "#b3b5b7", "length": "345 km", "rfs": "January 2012", "owners": "Tamares UK Group", "url": "http://www.tamarestelecom.com", "Symbol": 1, "year": 2012}}, {"type": "Feature", "id": 252, "geometry": {"type": "LineString", "coordinates": [[-38.5429650003327, -3.71873699985809], [-35.3851549996312, 1.72574800037426], [-25.4750050003944, 18.3721550000811], [-17.8770619998223, 29.4083060002735], [-9.14806399978192, 38.7238460002566]]}, "properties": {"OBJECTID": 252, "cable_id": 1725, "Name": "eulaLink", "color": "#9ea0a2", "length": "n.a.", "rfs": "2018", "owners": "Telebras,  IslaLink", "url": "http://www.islalink.es", "Symbol": 0, "year": 2018}}, {"type": "Feature", "id": 253, "geometry": {"type": "MultiLineString", "coordinates": [[[-79.5666170001489, 8.95031600006586], [-78.5236010002319, 6.97676700002284], [-82.7279920000897, 0.338312999706308], [-80.7161280003172, -0.949727000304055]], [[-76.1311220003541, 11.6582870001059], [-78.6559739997398, 10.4463519998578], [-79.7534829995508, 9.43772099957642]], [[-76.1311220003541, 11.6582870001059], [-75.5057319998798, 10.3868030001093]], [[-69.0205800003916, 12.2348749997758], [-69.0205800003916, 12.4790819999441], [-70.0499249999371, 12.6169200001682], [-70.8275609995551, 14.186026000297]], [[-70.8275609995551, 14.186026000297], [-76.1311220003541, 11.6582870001059]], [[-64.5971459998316, 18.4144110003002], [-64.108621000189, 18.6706909998818], [-63.7383569996417, 18.3173730002825], [-63.7467559996132, 17.5159430000039], [-70.8275609995551, 14.186026000297]], [[-66.1066660003502, 18.4661050003949], [-65.567653000269, 18.7252669996499], [-64.7233170000752, 18.5752789998728], [-64.5971459998316, 18.4144110003002]], [[-81.6556299999645, 30.3320980002663], [-73.4829790004239, 28.5746280001012], [-69.1445060002475, 22.7723259998792], [-64.9537370003574, 19.4741150000106], [-64.3172630002061, 18.8693000003487], [-64.5971459998316, 18.4144110003002]]]}, "properties": {"OBJECTID": 253, "cable_id": 1727, "Name": "Pacific Caribbean Cable System (PCCS)", "color": "#565da6", "length": "6,000 km", "rfs": "September 2015", "owners": "C&W Networks,  Telconet,  Telefonica,  Setar,  United Telecommunication Services (UTS)", "url": null, "Symbol": 17, "year": 2015}}, {"type": "Feature", "id": 254, "geometry": {"type": "MultiLineString", "coordinates": [[[-46.3406639999804, -23.9699660003445], [-37.8460899998526, -28.2016219999611], [-26.6897990004058, -13.4122820000815], [-26.6897990004058, -3.74397599974209], [-33.7443350003805, 1.83936499964128]], [[-33.7443350003805, 1.83936499964128], [-38.5429650003327, -3.71873699985809]], [[-33.7443350003805, 1.83936499964128], [-62.6998809998307, 34.5043900003564], [-74.0058790001023, 40.7145500001758]]]}, "properties": {"OBJECTID": 254, "cable_id": 1728, "Name": "Seabras-1", "color": "#b3b5b7", "length": "10,500 km", "rfs": "Q4 2016", "owners": "Seaborn Networks", "url": "http://www.seabornnetworks.com", "Symbol": 1, "year": 2016}}, {"type": "Feature", "id": 255, "geometry": {"type": "MultiLineString", "coordinates": [[[9.10944300026636, 39.2156120001102], [9.32545800023304, 38.8787210000192], [11.6191090004353, 37.8221890000725], [12.5913740002905, 37.6505839999484]], [[9.48688400004621, 40.9227380002494], [11.7968429997467, 42.0914110000396]]]}, "properties": {"OBJECTID": 255, "cable_id": 1729, "Name": "Janna", "color": "#0982c5", "length": "634 km", "rfs": "April 2005", "owners": "Regione Sardegne,  Interoute,  Wind Italy,  Tiscali", "url": null, "Symbol": 13, "year": 2005}}, {"type": "Feature", "id": 256, "geometry": {"type": "LineString", "coordinates": [[12.5368820002214, 56.0750799999839], [12.5886400001812, 56.1349309999036]]}, "properties": {"OBJECTID": 256, "cable_id": 1730, "Name": "Denmark-Sweden 17", "color": "#f4878f", "length": "11 km", "rfs": "1994", "owners": "TDC,  Tele2", "url": null, "Symbol": 16, "year": 1994}}, {"type": "Feature", "id": 257, "geometry": {"type": "LineString", "coordinates": [[12.5921550000901, 56.0306349998717], [12.695768000094, 56.0439189999357]]}, "properties": {"OBJECTID": 257, "cable_id": 1731, "Name": "Denmark-Sweden 18", "color": "#f04230", "length": "n.a.", "rfs": "1996", "owners": "Telenor,  TDC", "url": null, "Symbol": 6, "year": 1996}}, {"type": "Feature", "id": 258, "geometry": {"type": "MultiLineString", "coordinates": [[[174.323778999648, -35.724743000357], [174.738427000381, -35.1902009998617], [173.096240999553, -33.9707700003665], [165.579451932902, -33.9831886829101]], [[165.579451932902, -33.9831886829101], [165.579253999909, -33.9833219999953]], [[165.579451932902, -33.9831886829101], [151.822623000367, -34.0059119998592], [151.206997999645, -33.8695549997523]], [[179.999947000393, -23.7469560001486], [165.579451932902, -33.9831886829101]], [[-179.99989600034, -23.6559270001274], [-158.000008999886, 21.4392699997202], [-147.027800000402, 41.3900349998431], [-139.250217999889, 41.3900349998431], [-123.962532999961, 45.2022340003081]]]}, "properties": {"OBJECTID": 258, "cable_id": 1733, "Name": "Hawaiki Cable", "color": "#9ea0a2", "length": "n.a.", "rfs": "Q3 2017", "owners": "Hawaiki Cable Company", "url": "http://hawaikicable.co.nz", "Symbol": 0, "year": 2017}}, {"type": "Feature", "id": 259, "geometry": {"type": "MultiLineString", "coordinates": [[[79.1245300003854, 4.21828500014315], [74.076487000049, 6.59450299974543], [70.8904540001439, 16.8059640004035]], [[79.8893730004141, 6.82077500008359], [79.1245300003854, 4.21828500014315]], [[97.4807550894376, 7.41527252036328], [81.9828290002513, 2.86933999984676], [79.1245300003854, 4.21828500014315]], [[97.4807550894376, 7.41527252036328], [97.4811580000122, 7.41498500040366], [100.362990999911, 5.35384299957042]], [[97.4807670001999, 7.41527599983779], [97.4807550894376, 7.41527252036328]], [[80.2429860004332, 13.0638539996495], [90.8734470002737, 12.0998909996787], [97.4807550894376, 7.41527252036328]], [[70.8904540001439, 16.8059640004035], [72.8759019996361, 19.0760740002582]], [[70.8904540001439, 16.8059640004035], [70.6500239998872, 17.5023460002859], [62.5242489998936, 24.0901699996012], [58.4521810002133, 24.7603249996813]], [[58.4521810002133, 24.7603249996813], [58.0044279998644, 23.6796019997421]], [[58.4521810002133, 24.7603249996813], [56.33372599993, 25.1216929997745]]]}, "properties": {"OBJECTID": 259, "cable_id": 1735, "Name": "Bay of Bengal Gateway (BBG)", "color": "#9ea0a2", "length": "8,050 km", "rfs": "December 2015", "owners": "Vodafone,  Telekom Malaysia,  Omantel,  Reliance Jio Infocomm,  Dialog Axiata,  Etisalat,  Gulf Bridge International", "url": null, "Symbol": 0, "year": 2015}}, {"type": "Feature", "id": 260, "geometry": {"type": "MultiLineString", "coordinates": [[[151.206997999645, -33.8695549997523], [154.732972000271, -31.0264440002628], [157.116467000196, -14.4487279997664], [159.323300999789, -9.23461899987187], [159.803866999676, -8.96443000040606], [159.948398000361, -9.10813200003624], [159.948398000361, -9.4299480002204]], [[160.699960000005, -8.76633699957413], [160.379061999615, -9.27442599978674], [159.948398000361, -9.4299480002204]], [[157.199963000167, -8.2407359998394], [157.199963000167, -7.81003700001479], [157.631993999925, -7.81003700001479], [159.786483999753, -8.83948799956708], [160.002500000442, -9.05441900042908], [159.948398000361, -9.4299480002204]]]}, "properties": {"OBJECTID": 260, "cable_id": 1736, "Name": "Solomons Oceanic Cable Network", "color": "#b3b5b7", "length": "900 km", "rfs": "Q2 2016", "owners": "Solomon Islands National Provident Fund,  Solomon Telekom Company Limited", "url": null, "Symbol": 1, "year": 2016}}, {"type": "Feature", "id": 261, "geometry": {"type": "MultiLineString", "coordinates": [[[8.38336899989117, 54.8984210001449], [7.78913099962179, 55.075675999773], [7.15543999998363, 55.7515389999127], [6.28327300022346, 56.662766000112]], [[7.15534299989924, 55.7516490002191], [8.32916999972503, 55.7516490002191]], [[4.3964580004131, 55.9416729999289], [4.56432900006313, 55.8042920000964], [4.74850800010973, 55.7159090000117]], [[4.3964580004131, 55.9416729999289], [6.28327300022346, 56.662766000112]], [[4.22848899995546, 56.0785130001452], [4.3964580004131, 55.9416729999289]], [[6.28327300022346, 56.662766000112], [-2.09806899973812, 62.811215000019], [-7.20021298955162, 62.6530931251768]], [[-7.20021298955162, 62.6530931251768], [-7.1471859997771, 62.2901249999346]], [[-7.20021298955162, 62.6530931251768], [-15.6909300002434, 62.3880729998854], [-19.9823329998057, 63.1270330000599], [-20.2672939996625, 63.4377719998932]], [[-7.20021400015632, 62.6531000001796], [-7.20021298955162, 62.6530931251768]]]}, "properties": {"OBJECTID": 261, "cable_id": 1737, "Name": "CANTAT-3", "color": "#895c3c", "length": "2,500 km", "rfs": "November 1994", "owners": "Faroese Telecom", "url": null, "Symbol": 8, "year": 1994}}, {"type": "Feature", "id": 262, "geometry": {"type": "MultiLineString", "coordinates": [[[100.397073000044, 5.01947599989278], [98.6718790000404, 4.53513099972411], [97.5633839995633, 5.33692500044211]], [[97.5633839995633, 5.33692500044211], [98.434183999718, 5.90721200034038], [99.5486369999602, 6.5023349997087], [99.6699259997911, 6.48477300040343], [99.8364290000107, 6.58810099984022], [100.066116999999, 6.61351700022683]], [[100.066116999999, 6.61351700022683], [100.294924999555, 6.91773099964111], [100.59971000044, 7.07591899959228]], [[100.066116999999, 6.61351700022683], [100.59971000044, 7.07591899959228]], [[100.59971000044, 7.07591899959228], [103.353906999682, 7.29023899988497]], [[103.353906999682, 7.29023899988497], [109.199997000296, 7.74488899984027], [111.441303999835, 14.4358379997801]], [[103.506739000429, 10.630401999832], [103.353906999682, 7.29023899988497]], [[45.2504329996843, 10.9256839995997], [52.3713260001031, 12.7758279998004], [61.8331360002584, 15.2131670003672], [63.6719032587264, 15.6660367646781]], [[43.1479929998946, 11.5948690002068], [43.4573680002165, 11.7294349997899]], [[43.4573680002165, 11.7294349997899], [43.8301209997524, 11.0958330000915], [45.2504329996843, 10.9256839995997]], [[45.0335380001838, 12.8008740001692], [45.2504329996843, 10.9256839995997]], [[111.441303999835, 14.4358379997801], [114.158684999733, 22.2794440000156]], [[63.6719039998365, 15.666034000315], [63.6719032587264, 15.6660367646781]], [[63.6719032587264, 15.6660367646781], [70.5105710003327, 17.3413370002937]], [[63.6719032587264, 15.6660367646781], [61.5569640003605, 23.3841379996877]], [[108.192477999798, 16.043395000189], [111.441303999835, 14.4358379997801]], [[70.5105710003327, 17.3413370002937], [73.9109589997977, 6.45226600027454], [81.9753089999887, 2.6589400001475], [95.6945380003812, 6.68636300017119], [97.5633839995633, 5.33692500044211]], [[72.8759019996361, 19.0760740002582], [70.8430899998019, 17.4224179996972], [70.5105710003327, 17.3413370002937]], [[37.8438621572868, 20.8462889096319], [37.8410629996749, 20.8449579996785]], [[37.8438621572868, 20.8462889096319], [41.3356890002774, 15.1545450000682], [42.4210399998105, 13.9057959997863], [43.4934999998451, 12.1318770001749], [43.3546330000965, 11.9036900002855], [43.4573680002165, 11.7294349997899]], [[39.1827610000491, 21.4815320001973], [37.8438621572868, 20.8462889096319]], [[61.5569640003605, 23.3841379996877], [59.324836999695, 24.1295689995929]], [[58.6060869997639, 23.5760859999904], [59.324836999695, 24.1295689995929]], [[59.324836999695, 24.1295689995929], [56.33372599993, 25.1216929997745], [56.9630220001254, 25.5052659998136], [56.5843109999261, 26.6603010000604], [56.1758159998506, 26.6603010000604], [55.2574570002586, 26.1024069996084], [53.8334350004241, 26.17420800024], [52.4065799998477, 26.1151220000843], [51.5192760003762, 25.294605999856]], [[67.0285420003993, 24.8897280000177], [61.5569640003605, 23.3841379996877]], [[22.7221280000037, 34.7380080002846], [25.3019119996746, 34.3626309999255], [29.7009319997696, 31.0722669996444], [30.3920450003031, 30.5923700003318], [31.6926300000034, 29.9890370000264], [32.6531759999718, 29.1136160000163], [34.0035660002204, 26.8650359999989], [37.8438621572868, 20.8462889096319]], [[22.7221280000037, 34.7380080002846], [22.9120699998218, 35.5272249998581], [23.4232020001079, 35.8235990002389], [23.8554279998599, 35.8235990002389], [24.0121670001523, 35.5120439998601]], [[18.0513310003518, 35.4133340001914], [22.7221280000037, 34.7380080002846]], [[18.0513310003518, 35.4133340001914], [18.9577760000634, 39.4847509997836], [18.9577760000634, 40.6435259999764], [16.8688119997533, 41.1257129997823]], [[5.37253100008015, 43.2936270000004], [7.53131900016432, 38.3438039997001], [10.0000669996531, 38.3438039997001], [11.2087580001345, 37.9010620002836], [13.7536780000481, 35.8809850002775], [14.5174470003743, 35.7711629997254], [15.2071919996807, 35.821778000052], [18.0513310003518, 35.4133340001914]]]}, "properties": {"OBJECTID": 262, "cable_id": 1739, "Name": "Asia Africa Europe-1 (AAE-1)", "color": "#b3b5b7", "length": "25,000 km", "rfs": "Q4 2016", "owners": "China Unicom,  Telecom Egypt,  Etisalat,  Omantel,  Djibouti Telecom,  OTEGLOBE,  Pakistan Telecommunications Company Ltd.,  PCCW,  Ooredoo,  Mobily,  Viettel Corporation,  TeleYemen,  Chuan Wei,  Retelit,  Reliance Jio Infocomm", "url": null, "Symbol": 1, "year": 2016}}, {"type": "Feature", "id": 263, "geometry": {"type": "LineString", "coordinates": [[32.4666529998032, 34.7665719996785], [32.6666530001746, 34.4090509999131], [33.1153830001417, 34.4090509999131], [33.6105970000186, 34.8272780001213]]}, "properties": {"OBJECTID": 263, "cable_id": 1740, "Name": "POSEIDON", "color": "#9ea0a2", "length": "800 km", "rfs": "April 2014", "owners": "Radius Oceanic Communications,  Cyta", "url": "http://www.Radiusocean.com", "Symbol": 0, "year": 2014}}, {"type": "Feature", "id": 264, "geometry": {"type": "LineString", "coordinates": [[147.071258999949, -38.4434049998114], [146.850165999751, -41.0330559997864]]}, "properties": {"OBJECTID": 264, "cable_id": 1742, "Name": "Basslink", "color": "#1ca5de", "length": "298 km", "rfs": "November 2005", "owners": "Basslink Telecoms", "url": null, "Symbol": 19, "year": 2005}}, {"type": "Feature", "id": 265, "geometry": {"type": "MultiLineString", "coordinates": [[[151.206997999645, -33.8695549997523], [151.897623000282, -33.8453080000092], [158.827891000094, -30.2078879999752], [179.127681999825, -18.9153409999089], [179.999947000393, -18.2370050003628]], [[-179.999944999845, -18.2907000002654], [-173.781883000393, -13.3843519997854], [-158.716757000002, 2.86699899973135], [-139.250169000384, 23.3779529998667], [-130.24592699966, 29.4393529999307], [-118.399450999792, 33.8624759997518]]]}, "properties": {"OBJECTID": 265, "cable_id": 1743, "Name": "APX-East", "color": "#9ea0a2", "length": "12,500 km", "rfs": "Q4 2017", "owners": "SubPartners", "url": "http://www.subpartners.net", "Symbol": 0, "year": 2017}}, {"type": "Feature", "id": 266, "geometry": {"type": "LineString", "coordinates": [[103.853028000004, 1.29406399962885], [103.874805000444, 1.02224499996678], [103.932130000357, 0.98484800016091], [104.034082999954, 0.917181999694014], [104.295020000231, 0.706266000013931], [104.632616999932, 0.648555000404334], [107.48320100044, -2.17122200011007], [107.48320100044, -4.45124000022802], [106.69853400028, -5.33851000015347], [106.833397000398, -6.17158700020941], [106.317088999972, -5.71448800038097], [105.908690999981, -5.94726100017308], [104.449120999775, -7.34460700012063], [113.517083999845, -30.9046900001491], [115.857316000041, -31.9534390003597]]}, "properties": {"OBJECTID": 266, "cable_id": 1744, "Name": "APX-West", "color": "#b3b5b7", "length": "4,600 km", "rfs": "Q3 2016", "owners": "SubPartners", "url": "http://www.subpartners.net", "Symbol": 1, "year": 2016}}, {"type": "Feature", "id": 267, "geometry": {"type": "LineString", "coordinates": [[73.0715069996665, 6.62282900005378], [73.0708229999513, 5.10361899966501], [73.5403539996669, 4.21234400001616], [72.9556869998792, 3.60848300016826], [73.5447490000079, 1.91891199956557], [73.4555890000001, 0.28928999981629], [73.4268780000016, -0.297913999869651], [73.0891830003918, -0.605521000139562]]}, "properties": {"OBJECTID": 267, "cable_id": 1746, "Name": "Dhiraagu Cable Network", "color": "#6c70b5", "length": "1,253 km", "rfs": "April 2012", "owners": "Dhiraagu", "url": "http://www.dhiraagu.com.mv", "Symbol": 7, "year": 2012}}, {"type": "Feature", "id": 268, "geometry": {"type": "LineString", "coordinates": [[8.7816110003179, -0.720649999942057], [8.45758800000628, -0.394395999913175], [9.02038000034288, 0.265950999929281], [9.45426700032652, 0.394463999870519]]}, "properties": {"OBJECTID": 268, "cable_id": 1747, "Name": "Libreville-Port Gentil Cable", "color": "#f04230", "length": "198 km", "rfs": "April 2012", "owners": "n.a.", "url": null, "Symbol": 6, "year": 2012}}, {"type": "Feature", "id": 269, "geometry": {"type": "LineString", "coordinates": [[174.871825000086, -37.8013820002621], [173.865381000013, -37.5168800003185], [151.822623000367, -34.7232650000447], [151.245084000306, -33.7371230003084]]}, "properties": {"OBJECTID": 269, "cable_id": 1750, "Name": "Tasman Global Access (TGA) Cable", "color": "#b3b5b7", "length": "2,300 km", "rfs": "2016", "owners": "Spark New Zealand,  Vodafone,  Telstra", "url": null, "Symbol": 1, "year": 2016}}, {"type": "Feature", "id": 270, "geometry": {"type": "LineString", "coordinates": [[-4.69142599987132, 54.2224469998079], [-4.79142600005702, 54.2808419998766], [-5.38429699982258, 54.5429470000449], [-5.48434600041209, 54.5429470000449]]}, "properties": {"OBJECTID": 270, "cable_id": 1751, "Name": "Lanis-2", "color": "#0982c5", "length": "67 km", "rfs": "1992", "owners": "Vodafone", "url": null, "Symbol": 13, "year": 1992}}, {"type": "Feature", "id": 271, "geometry": {"type": "LineString", "coordinates": [[-3.35705199994126, 54.2109129997559], [-4.42384799993856, 54.1672869998631], [-4.2090539999875, 54.2516410002273], [-4.2090539999875, 54.4409920000488], [-4.69142599987132, 54.4409920000488], [-4.69142599987132, 54.2224469998079], [-5.23522500010586, 54.3023299999489], [-5.55939400000738, 54.3023299999489]]}, "properties": {"OBJECTID": 271, "cable_id": 1752, "Name": "BT-MT-1", "color": "#548f51", "length": "80 km", "rfs": "1990", "owners": "BT,  Manx Telecom", "url": null, "Symbol": 12, "year": 1990}}, {"type": "Feature", "id": 272, "geometry": {"type": "LineString", "coordinates": [[-4.48087999994822, 54.1504750000611], [-3.81740399971069, 54.0535909997819], [-3.05075399986038, 53.8089769997826]]}, "properties": {"OBJECTID": 272, "cable_id": 1753, "Name": "E-LLAN", "color": "#bd75b1", "length": "n.a.", "rfs": "2007", "owners": "Manx Electricity Authority", "url": null, "Symbol": 3, "year": 2007}}, {"type": "Feature", "id": 273, "geometry": {"type": "LineString", "coordinates": [[-5.80812500032623, 54.7139520000049], [-5.59210899963635, 54.7139520000049], [-4.78346700030158, 55.6378829998154]]}, "properties": {"OBJECTID": 273, "cable_id": 1754, "Name": "Sirius North", "color": "#f04230", "length": "147 km", "rfs": "1999", "owners": "Virgin Media Business", "url": null, "Symbol": 6, "year": 1999}}, {"type": "Feature", "id": 274, "geometry": {"type": "LineString", "coordinates": [[-64.9752700004001, 18.3424029997068], [-64.9480239999164, 18.3357279997528], [-64.9438250002922, 18.3282199999531], [-64.9577900003917, 18.3129230003937], [-64.8972919999785, 18.2926179996697], [-64.8431420002162, 18.3224719996621], [-64.6845480004216, 17.782279999697], [-64.7032000000419, 17.7466609997342], [-64.7032000000419, 17.782279999697], [-64.7217549995777, 17.8013419998369], [-64.9000749995934, 17.8013419998369], [-64.9000749995934, 17.7480559999383], [-64.881472000377, 17.7124300001127], [-64.9186300000275, 17.7480559999383], [-64.9938740003397, 18.324604000201], [-64.9752700004001, 18.3424029997068]]}, "properties": {"OBJECTID": 274, "cable_id": 1756, "Name": "St. Thomas-St. Croix System", "color": "#9ea0a2", "length": "183 km", "rfs": "July 2013", "owners": "Virgin Islands Next Generation Networks,  Inc.", "url": "http://www.vingn.com", "Symbol": 0, "year": 2013}}, {"type": "Feature", "id": 275, "geometry": {"type": "LineString", "coordinates": [[145.751143000022, 15.1782029999482], [145.637470999639, 15.0115040002992], [145.212471000422, 14.1522230003874], [144.809541999576, 13.5490979998212]]}, "properties": {"OBJECTID": 275, "cable_id": 1757, "Name": "Mariana-Guam Cable", "color": "#f89635", "length": "n.a.", "rfs": "1997", "owners": "IT&E", "url": null, "Symbol": 5, "year": 1997}}, {"type": "Feature", "id": 276, "geometry": {"type": "LineString", "coordinates": [[11.940006999927, 54.5772339999887], [12.0138350002299, 54.3403200001099], [12.1324879998607, 54.0791799998115]]}, "properties": {"OBJECTID": 276, "cable_id": 1759, "Name": "Elektra-GlobalConnect 1 (GC1)", "color": "#f4878f", "length": "44 km", "rfs": "August 2000", "owners": "GlobalConnect", "url": "http://www.globalconnect.dk", "Symbol": 16, "year": 2000}}, {"type": "Feature", "id": 277, "geometry": {"type": "LineString", "coordinates": [[10.5166679999828, 57.331045999898], [10.8878589999195, 57.545776000072], [11.644108999808, 57.545776000072], [12.0762380003739, 57.4876909998346]]}, "properties": {"OBJECTID": 277, "cable_id": 1760, "Name": "GlobalConnect 2 (GC2)", "color": "#f04230", "length": "95 km", "rfs": "August 2001", "owners": "GlobalConnect", "url": "http://www.globalconnect.dk", "Symbol": 6, "year": 2001}}, {"type": "Feature", "id": 278, "geometry": {"type": "LineString", "coordinates": [[10.7995779996205, 55.3244150000271], [11.1493829998277, 55.3260540001188]]}, "properties": {"OBJECTID": 278, "cable_id": 1761, "Name": "GlobalConnect 3 (GC3)", "color": "#548f51", "length": "19 km", "rfs": "2006", "owners": "GlobalConnect", "url": "http://www.globalconnect.dk", "Symbol": 12, "year": 2006}}, {"type": "Feature", "id": 279, "geometry": {"type": "LineString", "coordinates": [[11.940006999927, 54.5772339999887], [11.8819020000397, 54.3542659998298], [12.1324879998607, 54.0791799998115]]}, "properties": {"OBJECTID": 279, "cable_id": 1762, "Name": "GlobalConnect-KPN", "color": "#91a34b", "length": "43 km", "rfs": "2006", "owners": "GlobalConnect", "url": "http://www.globalconnect.dk", "Symbol": 2, "year": 2006}}, {"type": "Feature", "id": 280, "geometry": {"type": "LineString", "coordinates": [[11.940006999927, 54.5772339999887], [12.1495770000569, 54.1915770000667]]}, "properties": {"OBJECTID": 280, "cable_id": 1764, "Name": "Germany-Denmark 3", "color": "#f04230", "length": "n.a.", "rfs": "March 2000", "owners": "TDC", "url": null, "Symbol": 6, "year": 2000}}, {"type": "Feature", "id": 281, "geometry": {"type": "LineString", "coordinates": [[12.4150069996862, 55.6475559997682], [12.4679360003313, 55.5237029998803], [12.9166670001233, 55.5335689998427]]}, "properties": {"OBJECTID": 281, "cable_id": 1765, "Name": "IP-Only Denmark-Sweden", "color": "#91a34b", "length": "n.a.", "rfs": "1994", "owners": "IP-Only", "url": null, "Symbol": 2, "year": 1994}}, {"type": "Feature", "id": 282, "geometry": {"type": "MultiLineString", "coordinates": [[[114.097161000196, -8.61516299985642], [114.539153000424, -8.97783799998574], [115.15985599958, -8.78370899997623]], [[116.081534999986, -8.58600300002081], [115.59696499957, -8.46392900040209]], [[111.092964000041, -3.51270199974396], [113.134856999912, -4.11702100021555], [114.603996999876, -3.32758400017651]], [[111.092964000041, -3.51270199974396], [111.752925000369, -2.8492770000842]], [[109.33954799976, -2.178834000237], [109.937203000029, -3.39543500006466], [111.092964000041, -3.51270199974396]], [[109.971968999877, -1.85872099969458], [109.33954799976, -2.178834000237]], [[109.33554400013, -0.0270170000520053], [108.769040000241, -0.518806000346927], [108.967087000302, -1.41993699990799], [109.33954799976, -2.178834000237]], [[117.551064999937, 0.327277999748436], [119.38846599991, -1.14207699973306]]]}, "properties": {"OBJECTID": 282, "cable_id": 1767, "Name": "JaKa2LaDeMa", "color": "#f04230", "length": "1,700 km", "rfs": "2010", "owners": "Telkom Indonesia", "url": null, "Symbol": 6, "year": 2010}}, {"type": "Feature", "id": 283, "geometry": {"type": "LineString", "coordinates": [[-64.7694109999977, 32.3124819997198], [-63.6455839998157, 44.4342669998566]]}, "properties": {"OBJECTID": 283, "cable_id": 1768, "Name": "Polaris", "color": "#9ea0a2", "length": "1,503 km", "rfs": "Q2 2016", "owners": "LinkBermuda", "url": "http://www.linkbermuda.com/", "Symbol": 0, "year": 2016}}, {"type": "Feature", "id": 284, "geometry": {"type": "LineString", "coordinates": [[-64.8192650000516, 17.773909999653], [-64.4928979996179, 18.0666959999461], [-64.5971459998316, 18.4144110003002]]}, "properties": {"OBJECTID": 284, "cable_id": 1769, "Name": "Perseid", "color": "#9ea0a2", "length": "115 km", "rfs": "Q2 2016", "owners": "LinkBermuda", "url": "http://www.linkbermuda.com/", "Symbol": 0, "year": 2016}}, {"type": "Feature", "id": 285, "geometry": {"type": "LineString", "coordinates": [[11.0908870001281, 36.8499359997228], [11.877311999705, 37.5115889997682], [12.5913740002905, 37.6505839999484]]}, "properties": {"OBJECTID": 285, "cable_id": 1772, "Name": "Didon", "color": "#b2703f", "length": "170 km", "rfs": "May 2014", "owners": "Orange Tunisie,  Ooredoo Tunisie", "url": null, "Symbol": 4, "year": 2014}}, {"type": "Feature", "id": 286, "geometry": {"type": "LineString", "coordinates": [[-68.2840569996509, 12.1641450002696], [-68.7890370000031, 11.9995149996655], [-68.8741930003805, 12.0047690000285], [-68.892650000007, 12.0904369996532]]}, "properties": {"OBJECTID": 286, "cable_id": 1774, "Name": "Jerry Newton", "color": "#0982c5", "length": "n.a.", "rfs": "October 2007", "owners": "C&W Networks", "url": null, "Symbol": 13, "year": 2007}}, {"type": "Feature", "id": 287, "geometry": {"type": "MultiLineString", "coordinates": [[[103.512402999568, 8.38845399997258], [103.720996999904, 4.44264300015624], [103.395216000175, 4.11631000015129]], [[103.512402999568, 8.38845399997258], [101.277345999873, 10.8259459999391], [101.277345999873, 12.6706629999376]], [[103.506739000429, 10.630401999832], [103.398731000084, 10.5234609999024], [103.512402999568, 8.38845399997258]]]}, "properties": {"OBJECTID": 287, "cable_id": 1776, "Name": "Malaysia-Cambodia-Thailand (MCT) Cable", "color": "#9ea0a2", "length": "1,425 km", "rfs": "Q4 2016", "owners": "Telekom Malaysia,  Ezecom,  Symphony,  DTAC", "url": null, "Symbol": 0, "year": 2016}}, {"type": "Feature", "id": 288, "geometry": {"type": "LineString", "coordinates": [[-16.3623169996575, 28.3776219998014], [-15.2880990002052, 28.3885340003565], [-15.1800909998603, 28.3885340003565], [-15.1800909998603, 28.0603589999217], [-15.4087529998264, 28.0409670001806]]}, "properties": {"OBJECTID": 288, "cable_id": 1777, "Name": "Subcan Link 1", "color": "#ffd633", "length": "143 km", "rfs": "May 2002", "owners": "Cable Submarine de Canarias", "url": null, "Symbol": 18, "year": 2002}}, {"type": "Feature", "id": 289, "geometry": {"type": "LineString", "coordinates": [[-16.3623169996575, 28.3776219998014], [-15.2880990002052, 28.484110999972], [-15.0720830004136, 28.484110999972], [-15.0720830004136, 28.0603589999217], [-15.4087529998264, 28.0409670001806]]}, "properties": {"OBJECTID": 289, "cable_id": 1778, "Name": "Subcan Link 2", "color": "#6c70b5", "length": "136 km", "rfs": "May 2002", "owners": "Cable Submarine de Canarias", "url": null, "Symbol": 7, "year": 2002}}, {"type": "Feature", "id": 290, "geometry": {"type": "LineString", "coordinates": [[23.9604090001925, 32.0798520001046], [24.2532800002993, 32.1575170003568], [25.0873610002962, 32.1575170003568], [25.0873610002962, 31.7612280002986]]}, "properties": {"OBJECTID": 290, "cable_id": 1779, "Name": "Tobrok-Emasaed Cable System", "color": "#91a34b", "length": "178 km", "rfs": "October 2010", "owners": "Libya International Telecommunications Company", "url": null, "Symbol": 2, "year": 2010}}, {"type": "Feature", "id": 291, "geometry": {"type": "MultiLineString", "coordinates": [[[123.583384999918, -10.1829360000289], [123.400279999574, -10.0163210000486], [121.759656000142, -9.06965599966376], [121.651647999797, -8.85473500009947], [121.327625000384, -9.1233660003754], [120.327333000246, -9.1233660003754]], [[120.253016000221, -9.64577000038004], [120.327333000246, -9.1233660003754]], [[120.327333000246, -9.1233660003754], [118.950869000023, -9.1233660003754], [118.711807000095, -8.79644900029555]], [[116.081534999986, -8.58600300002081], [115.853898000217, -8.4186249995567], [116.167667999981, -7.88830000028788], [117.183389999734, -7.88830000028788]], [[117.401065000108, -8.49657600009487], [117.183389999734, -7.88830000028788]], [[117.183389999734, -7.88830000028788], [118.760342000224, -7.88830000028788], [118.760342000224, -8.31881999978962]]]}, "properties": {"OBJECTID": 291, "cable_id": 1780, "Name": "Mataram Kupang Cable System (MKCS)", "color": "#f89635", "length": "1,318 km", "rfs": "April 2011", "owners": "Telkom Indonesia", "url": null, "Symbol": 5, "year": 2011}}, {"type": "Feature", "id": 292, "geometry": {"type": "MultiLineString", "coordinates": [[[119.500379999976, 10.8199989999932], [120.148622000418, 11.0336319998914], [120.58006700037, 11.8041020001494]], [[120.58006700037, 11.8041020001494], [120.834071000016, 12.2567289999059], [121.050183999892, 12.363017000265]], [[120.200770000365, 12.0054379996203], [120.58006700037, 11.8041020001494]]]}, "properties": {"OBJECTID": 292, "cable_id": 1781, "Name": "Boracay-Palawan Submarine Cable System", "color": "#f4878f", "length": "332 km", "rfs": "June 2013", "owners": "Globe Telecom", "url": null, "Symbol": 16, "year": 2013}}, {"type": "Feature", "id": 293, "geometry": {"type": "LineString", "coordinates": [[-28.6475130004161, 38.5254050001224], [-28.6475130004161, 38.4405520002702], [-29.7276390003031, 38.4405520002702], [-30.8584000000435, 39.4625130003467], [-31.1284190001827, 39.4625130003467], [-31.0817400002792, 39.5651250003006], [-31.1104989999583, 39.6722450000855], [-28.5034699996285, 38.9270549998001], [-27.9633829998448, 38.9270549998001], [-27.9633829998448, 39.0114089998543]]}, "properties": {"OBJECTID": 293, "cable_id": 1782, "Name": "Flores-Corvo Cable System", "color": "#f04230", "length": "685 km", "rfs": "January 2014", "owners": "Viatel", "url": "http://www.viatel.pt", "Symbol": 6, "year": 2014}}, {"type": "Feature", "id": 294, "geometry": {"type": "MultiLineString", "coordinates": [[[115.857316000041, -31.9534390003597], [113.82147800002, -30.8094550002944], [111.844917000396, -25.9914459998892], [112.410833999756, -21.1312819999987]], [[112.410833999756, -21.1312819999987], [114.572941999755, -21.1312819999987], [115.113371999671, -21.6375039996995]], [[112.410833999756, -21.1312819999987], [106.416111999641, -10.2053309999471], [105.086815999942, -6.55514499980306], [105.885058000213, -5.91336200040471], [106.402636000161, -5.48793799969265], [106.936326999614, -5.32197999976392]]]}, "properties": {"OBJECTID": 294, "cable_id": 1783, "Name": "Trident Subsea Cable", "color": "#9ea0a2", "length": "n.a.", "rfs": "Q1 2017", "owners": "Trident Subsea Cable", "url": "http://www.tridentsc.com.au", "Symbol": 0, "year": 2017}}, {"type": "Feature", "id": 295, "geometry": {"type": "LineString", "coordinates": [[-3.61086099959316, 50.319118000146], [-3.50275500023723, 50.1804580002663], [-2.53337099990615, 49.5033930001119]]}, "properties": {"OBJECTID": 295, "cable_id": 1784, "Name": "Channel Islands-9 Liberty Submarine Cable", "color": "#f04230", "length": "n.a.", "rfs": "June 2008", "owners": "JTGlobal", "url": null, "Symbol": 6, "year": 2008}}, {"type": "Feature", "id": 296, "geometry": {"type": "LineString", "coordinates": [[103.853028000004, 1.29406399962885], [103.962597999948, 1.1347250003427]]}, "properties": {"OBJECTID": 296, "cable_id": 1785, "Name": "Batam Singapore Cable System (BSCS)", "color": "#f04230", "length": "73 km", "rfs": "2009", "owners": "Telkom Indonesia", "url": "http://www.telin.sg", "Symbol": 6, "year": 2009}}, {"type": "Feature", "id": 297, "geometry": {"type": "MultiLineString", "coordinates": [[[131.233868000075, 29.8026979999508], [126.937484000366, 24.6235969999734], [123.083384999888, 25.4620699999291], [121.801452999633, 24.8635039999662]], [[131.233868000075, 29.8026979999508], [128.513850000151, 30.2880899996599]], [[128.513850000151, 30.2880899996599], [125.712485000386, 30.8048170002306]], [[128.513850000151, 30.2880899996599], [128.999495000095, 35.1703820000544]], [[125.712485000386, 30.8048170002306], [122.118835000289, 30.7065449998508], [121.393738000431, 30.5587390000807], [121.191296999853, 30.3062179999432], [121.294031000148, 30.6162410000276], [121.646081999669, 30.7209849997232], [121.896081999685, 30.9356619997936]], [[125.712485000386, 30.8048170002306], [125.152134000256, 31.2603630002191], [121.395300999855, 31.6198000003291]], [[140.146459000356, 33.0117009996324], [138.993726000182, 32.5808949997146], [137.273706999595, 31.6782419997833], [131.233868000075, 29.8026979999508]], [[140.146459000356, 33.0117009996324], [139.816967000001, 35.0375189997326]], [[179.999947000393, 42.1180380001615], [157.236877000318, 42.1180380001615], [143.618721999814, 34.2966630000087], [140.146459000356, 33.0117009996324]], [[-123.962532999961, 45.2022340003081], [-139.250217999889, 42.1180380001615], [-179.99979800043, 42.1180380001615]]]}, "properties": {"OBJECTID": 297, "cable_id": 1786, "Name": "New Cross Pacific (NCP) Cable System", "color": "#9ea0a2", "length": "13,618 km", "rfs": "Q4 2017", "owners": "China Telecom,  China Unicom,  Chunghwa Telecom,  KT,  China Mobile,  Microsoft,  Softbank Telecom", "url": null, "Symbol": 0, "year": 2017}}, {"type": "Feature", "id": 298, "geometry": {"type": "MultiLineString", "coordinates": [[[-46.3280670002097, -23.9618450000981], [-38.5366169996819, -27.5552459997654], [-27.6767619995812, -13.1158180000711], [-27.6767619995812, -3.65529400039418], [-33.5425780004163, 1.06491299986209]], [[-33.5425780004163, 1.06491299986209], [-38.5429650003327, -3.71873699985809]], [[-33.5425780004163, 1.06491299986209], [-51.1944210002114, 19.8024680002445], [-75.3996769998446, 27.4829890002638], [-78.8024090003299, 27.4829890002638], [-80.0889319998463, 26.3505859996049]]]}, "properties": {"OBJECTID": 298, "cable_id": 1787, "Name": "Monet", "color": "#b3b5b7", "length": "10,556 km", "rfs": "Q4 2016", "owners": "Angola Cables,  Google,  Algar Telecom,  Antel Uruguay", "url": null, "Symbol": 1, "year": 2016}}, {"type": "Feature", "id": 299, "geometry": {"type": "MultiLineString", "coordinates": [[[-70.6505589996395, -33.4372600001204], [-78.6723800000456, -34.1902080000662], [-81.7273579996445, -20.611717000266], [-83.2054819995608, -13.5045970002213], [-85.8944939997674, -0.0970360002473366], [-85.8945430001712, -0.0970360002473366], [-83.9306279998233, 3.00851200023846]], [[-83.9306279998233, 3.00851200023846], [-80.9682280000568, 4.94232699999499], [-79.3439129999479, 7.49835600028056], [-79.5666170001489, 8.95031600006586]], [[-79.5465489996211, 8.93411000012268], [-79.9002600004477, 9.35380399992786], [-79.5246740001699, 10.9694050002535], [-68.9863030002652, 16.1268119999607], [-67.9260979996946, 18.4657349996941], [-68.1018789995946, 20.5691799998048], [-74.7135450003563, 28.4418719996773], [-81.6556299999645, 30.3320980002663]], [[-158.206014999704, 21.4605389998927], [-157.49952099996, 21.9043790000834], [-148.299821000417, 20.14050599979], [-83.9306279998233, 3.00851200023846]]]}, "properties": {"OBJECTID": 299, "cable_id": 1791, "Name": "South America Pacific Link (SAPL)", "color": "#9ea0a2", "length": "17,600 km", "rfs": "Q4 2017", "owners": "Ocean Networks", "url": "http://www.oceannetworks.com", "Symbol": 0, "year": 2017}}, {"type": "Feature", "id": 300, "geometry": {"type": "MultiLineString", "coordinates": [[[138.97937000027, 32.4907440003042], [138.047437000391, 31.1354809997887], [131.493535999758, 28.8493039999714], [127.916096999973, 29.0157949997186], [121.462586000411, 25.1817150000952], [128.060236999947, 28.8276610002838], [131.556035999986, 28.682374000128], [138.307788999789, 31.0406439996176], [138.97937000027, 32.4907440003042]], [[138.97937000027, 32.4907440003042], [140.974193000425, 33.220274000009]], [[140.974193000425, 33.220274000009], [139.954857999956, 34.9765679998755]], [[136.874001000377, 34.3368310000206], [138.97937000027, 32.4907440003042]], [[179.999947000393, 38.3954090000426], [157.211291000241, 38.3954090000426], [140.974193000425, 33.220274000009]], [[-124.408333999825, 43.1186639999569], [-139.250217999889, 38.3954090000426], [-179.999944999845, 38.3954090000426]]]}, "properties": {"OBJECTID": 300, "cable_id": 1794, "Name": "FASTER", "color": "#9ea0a2", "length": "11,629 km", "rfs": "April 2016", "owners": "Google,  KDDI,  SingTel,  China Telecom,  China Mobile,  Global Transit", "url": null, "Symbol": 0, "year": 2016}}, {"type": "Feature", "id": 301, "geometry": {"type": "MultiLineString", "coordinates": [[[168.323001999684, -17.730505000092], [167.822708999751, -17.730505000092], [166.666654999836, -16.1146450004256]], [[166.666654999836, -16.1146450004256], [167.200249000103, -15.5064350002616]], [[166.666654999836, -16.1146450004256], [158.088541182614, -12.6747767898357]], [[158.088536000233, -12.6747890001808], [158.088541182614, -12.6747767898357]], [[158.088541182614, -12.6747767898357], [153.850941999951, -10.9573539998666], [147.317548000237, -10.9573539998666], [147.18854400015, -9.47955700039613]], [[158.088541182614, -12.6747767898357], [159.490195999646, -9.35267699971497], [159.791269999906, -9.0920280002759], [159.848398000175, -9.14882100001464], [159.948398000361, -9.4299480002204]]]}, "properties": {"OBJECTID": 301, "cable_id": 1795, "Name": "Interchange Cable Network 2 (ICN2)", "color": "#9ea0a2", "length": "3,000 km", "rfs": "2016", "owners": "Interchange", "url": "http://www.interchange.vu", "Symbol": 0, "year": 2016}}, {"type": "Feature", "id": 302, "geometry": {"type": "LineString", "coordinates": [[119.500379999976, 10.8199989999932], [120.148622000418, 10.9267390000688], [121.28768400022, 11.0626739996095], [121.941296000073, 10.7492979996399]]}, "properties": {"OBJECTID": 302, "cable_id": 1796, "Name": "Palawa-Iloilo Cable System", "color": "#38bced", "length": "300 km", "rfs": "January 2014", "owners": "PLDT", "url": null, "Symbol": 9, "year": 2014}}, {"type": "Feature", "id": 303, "geometry": {"type": "LineString", "coordinates": [[-60.9495900003701, 10.8315090000703], [-60.8402639999251, 11.1657809998156]]}, "properties": {"OBJECTID": 303, "cable_id": 1799, "Name": "TT-1", "color": "#0982c5", "length": "48 km", "rfs": "August 2012", "owners": "C&W Networks,  TSTT,  Alliance Telecommunications", "url": "http://www.columbus-networks.com/", "Symbol": 13, "year": 2012}}, {"type": "Feature", "id": 304, "geometry": {"type": "LineString", "coordinates": [[-16.3476679998428, 33.0473159999756], [-16.4771599998267, 32.7702039997835], [-16.6592890003774, 32.6124880002726], [-16.8588980000383, 32.5629540002813], [-16.908897999682, 32.6472769999953], [-17.1251090003656, 32.4640520001391], [-25.6687059996205, 36.9628499999946], [-25.6687059996205, 37.7396029999395]]}, "properties": {"OBJECTID": 304, "cable_id": 1800, "Name": "CAM Ring", "color": "#0982c5", "length": "1,120 km", "rfs": "2003", "owners": "Portugal Telecom", "url": null, "Symbol": 13, "year": 2003}}, {"type": "Feature", "id": 305, "geometry": {"type": "LineString", "coordinates": [[-27.9633829998448, 39.0114089998543], [-28.1523959997252, 38.8557589997996], [-28.5846709998809, 38.8557589997996], [-28.5846709998809, 38.6865799997028], [-28.2131379996375, 38.68429300001], [-28.508695000173, 38.6444139997042], [-28.6475130004161, 38.5254050001224], [-28.5971220000618, 38.3829320001768], [-28.4612339997466, 38.432672999739], [-28.383596999807, 38.2784419997289], [-25.2969289998779, 36.9025089997733], [-25.1412170003306, 36.9571539999765], [-25.0722710004405, 36.8759539999328], [-24.9186090003891, 36.9568420000263], [-25.0078670003062, 37.2763500002488], [-25.547954999915, 37.5725280002112], [-25.6687059996205, 37.7396029999395], [-25.8673879998919, 37.6788780003192], [-26.6165080004034, 38.0989870002149], [-27.1007850000181, 38.5335030001351], [-27.2157760003252, 38.6589039999268], [-27.2931680000425, 38.5802390000534], [-27.7016639999429, 38.7028909998871], [-27.9633829998448, 39.0114089998543]]}, "properties": {"OBJECTID": 305, "cable_id": 1801, "Name": "Azores Fiber Optic System (AFOS)", "color": "#548f51", "length": "1,100 km", "rfs": "July 1998", "owners": "Portugal Telecom", "url": null, "Symbol": 12, "year": 1998}}, {"type": "Feature", "id": 306, "geometry": {"type": "MultiLineString", "coordinates": [[[166.161871000201, -20.9770779997057], [166.680424999942, -20.9926699998197], [166.981206000299, -20.8490010001326], [167.151518000155, -20.7806309997916]], [[165.341558999587, -20.9456159997073], [165.857769000104, -21.024577000159], [166.161871000201, -20.9770779997057]], [[166.489019000434, -20.7056519996776], [166.466363000285, -20.8271880002476], [166.161871000201, -20.9770779997057]]]}, "properties": {"OBJECTID": 306, "cable_id": 1802, "Name": "Picot-1", "color": "#f89635", "length": "n.a.", "rfs": "2008", "owners": "OPT", "url": "http://telecom.opt.nc", "Symbol": 5, "year": 2008}}, {"type": "Feature", "id": 307, "geometry": {"type": "LineString", "coordinates": [[43.4892040001366, -11.9231160001176], [44.0290470004212, -11.8088149997658], [44.4000430003642, -12.1662749995983], [44.0290470004212, -12.0197949995992], [43.7396920000483, -12.2878670001685], [43.4892040001366, -11.9231160001176]]}, "properties": {"OBJECTID": 307, "cable_id": 1803, "Name": "Comoros Domestic Cable System", "color": "#f04230", "length": "n.a.", "rfs": "2010", "owners": "Comores Telecom", "url": null, "Symbol": 6, "year": 2010}}, {"type": "Feature", "id": 308, "geometry": {"type": "LineString", "coordinates": [[20.0667590004371, 32.1169149997437], [19.5765249999839, 32.1169149997437], [15.1398099999379, 33.5356229996264], [13.1873699999776, 33.5356229996264], [13.1873699999776, 32.8776269996395]]}, "properties": {"OBJECTID": 308, "cable_id": 1804, "Name": "Tripoli-Benghazi", "color": "#9ea0a2", "length": "1,000 km", "rfs": "n.a.", "owners": "Libya International Telecommunications Company", "url": null, "Symbol": 0, "year": null}}, {"type": "Feature", "id": 309, "geometry": {"type": "LineString", "coordinates": [[-73.4794639996166, -43.1174740003151], [-73.5099809996118, -44.121616000083], [-73.5707230004224, -44.697557999819], [-73.6315139998402, -45.1340590000755], [-73.5606160003635, -45.3392609997106], [-73.4217489997166, -45.3532629998841], [-73.28009799963, -45.2821210000708], [-73.1983109995717, -45.2818459999005], [-73.047627999852, -45.4179399998365], [-72.8050989996957, -45.4583010001554]]}, "properties": {"OBJECTID": 309, "cable_id": 1805, "Name": "FOS Quellon-Chacabuco", "color": "#0982c5", "length": "350 km", "rfs": "January 2015", "owners": "Gtd Teleductos S.A.", "url": "http://www.telsur.com/", "Symbol": 13, "year": 2015}}, {"type": "Feature", "id": 310, "geometry": {"type": "LineString", "coordinates": [[-149.732192999819, 61.0156909997835], [-149.631411999834, 60.9696379999492], [-149.483706999722, 60.9536160000734], [-149.351381999895, 60.9204559999633], [-149.195133000047, 60.9219749998768], [-149.087319999696, 60.8893050001678], [-148.989810000121, 60.8282920000385]]}, "properties": {"OBJECTID": 310, "cable_id": 1813, "Name": "Alaska United Turnagain Arm (AUTA)", "color": "#895c3c", "length": "53 km", "rfs": "2012", "owners": "GCI", "url": "http://www.alaskaunited.com", "Symbol": 8, "year": 2012}}, {"type": "Feature", "id": 311, "geometry": {"type": "MultiLineString", "coordinates": [[[-80.6400539998016, 51.2583040000471], [-80.4201809997943, 51.347382999966], [-80.1248690003795, 51.8964359998259], [-80.1498689997522, 52.5092909999752], [-80.4498690003093, 53.293409000005], [-80.5822910002211, 54.1229280000803], [-80.2157380002996, 54.9181830000199], [-79.5994299996872, 55.3061590001355], [-78.7330240000486, 55.4954999998632], [-78.3763349996135, 55.6717389998414]], [[-77.7637870000307, 55.2746019998117], [-78.3763349996135, 55.6717389998414]], [[-78.3763349996135, 55.6717389998414], [-77.9387379997273, 55.8868879999378], [-77.4997240000068, 56.4466710001986]], [[-77.4997240000068, 56.4466710001986], [-76.5470880002883, 56.5515359999341]], [[-77.4997240000068, 56.4466710001986], [-78.1606610001287, 56.4628060000657], [-78.680631999704, 56.5556800000624], [-78.9926919997314, 56.5869370000808], [-79.223209000098, 56.5407959997542]], [[-77.4997240000068, 56.4466710001986], [-77.4787769997701, 56.9023549999944], [-77.6332199996211, 57.3028069999117], [-78.233219999837, 57.732329000073], [-78.8047529995535, 57.9577639998698]], [[-78.8047529995535, 57.9577639998698], [-79.1332189998868, 58.0866700000049], [-80.2660309998463, 58.6462259999643], [-80.797670999978, 59.0856540001669], [-80.8614900001313, 59.7295679999506], [-79.9504550000851, 60.4370980001908]], [[-78.105095000357, 58.4551580000186], [-78.8047529995535, 57.9577639998698]], [[-94.1649469998599, 58.7758359997921], [-94.1649469998599, 58.8978269997799], [-92.7281800001167, 60.5036650001127]], [[-67.5129639997789, 59.1849500000264], [-68.0901610004311, 58.6097489999922], [-68.2192130001988, 58.3280460002312], [-68.2894279997851, 58.2862070001117], [-68.4188229996846, 58.1030059998183]], [[-67.5129639997789, 59.1849500000264], [-66.8998780000707, 59.375392000033]], [[-67.8678460003925, 59.2461520001057], [-68.9178949996021, 59.0074230001664], [-69.183567999804, 58.931457999884], [-69.3468490000177, 58.9173189998784], [-69.4221419998353, 58.8756990002006], [-69.523753000024, 58.8004560002215], [-69.6402080000211, 58.7714820000059], [-69.8355700003772, 58.756872000031], [-69.9373759996612, 58.6974329998007]], [[-67.8678460003925, 59.2461520001057], [-67.5129639997789, 59.1849500000264]], [[-66.8998780000707, 59.375392000033], [-66.1754649999273, 58.9148729998008], [-65.9950939996926, 58.7101400001351]], [[-66.8998780000707, 59.375392000033], [-66.099684000213, 60.1059839999414], [-65.2998800003425, 60.6742209998585], [-64.846217999734, 60.909704000085], [-64.4535420003335, 61.0698039999622]], [[-68.1004629995853, 59.4933849998003], [-69.1175040001612, 59.4806920001708], [-69.4906969999132, 59.4155640001099], [-69.5974840002425, 59.3057490001617]], [[-68.1004629995853, 59.4933849998003], [-67.8678460003925, 59.2461520001057]], [[-68.0403070003772, 59.9044050002018], [-68.1004629995853, 59.4933849998003]], [[-70.0262429997661, 60.0234309998133], [-69.9408920002934, 59.9877190000609], [-69.8203349998583, 59.9769219999638], [-69.6857649996431, 60.0142320002222], [-68.0403070003772, 59.9044050002018]], [[-77.2692069996402, 60.0370900001494], [-77.5306329996391, 59.9753100001001], [-78.5031419998918, 59.9753100001001], [-79.9504550000851, 60.4370980001908]], [[-79.9504550000851, 60.4370980001908], [-79.0394209998637, 61.1295540001374]], [[-92.7281800001167, 60.5036650001127], [-94.0599179998467, 61.1082820000175]], [[-92.7281800001167, 60.5036650001127], [-90.8568929998298, 61.4785109998147]], [[-64.4535420003335, 61.0698039999622], [-63.8223410004072, 61.4090249999384], [-63.2703399998447, 61.7914899999696]], [[-79.0394209998637, 61.1295540001374], [-78.1442060003173, 60.8176519998723]], [[-79.0394209998637, 61.1295540001374], [-78.5987469997364, 62.0738379998194], [-78.5596850001799, 62.4318089999027]], [[-69.2274160004121, 61.4210339999414], [-69.6399150001181, 61.0416829998295]], [[-69.2274160004121, 61.4210339999414], [-68.5745350001301, 61.2571699998758], [-67.5498779999304, 60.8938660001251], [-67.2248780000005, 60.5146499999948], [-67.4248780003719, 60.2056100000841], [-68.0403070003772, 59.9044050002018]], [[-90.8568929998298, 61.4785109998147], [-90.0679769998179, 61.8805879998076]], [[-90.8568929998298, 61.4785109998147], [-92.6016669995662, 62.2443629999506]], [[-63.2703399998447, 61.7914899999696], [-62.0784460003797, 62.8181749999468], [-60.912041000009, 63.8081330000212]], [[-69.9244369995837, 61.8122549999554], [-67.0461189995937, 61.3158160001122], [-64.4535420003335, 61.0698039999622]], [[-90.0679769998179, 61.8805879998076], [-88.6987890003592, 62.5660549999206]], [[-90.0679769998179, 61.8805879998076], [-91.7695869995597, 62.6179979997936], [-92.0852610001285, 62.8083820001743]], [[-71.1413789998986, 62.0499549998426], [-71.9538790001723, 61.5962609999991]], [[-71.1413789998986, 62.0499549998426], [-70.1280499997734, 61.645693999871], [-69.2274160004121, 61.4210339999414]], [[-77.9166669995593, 62.4166870000406], [-78.5596850001799, 62.4318089999027]], [[-78.5596850001799, 62.4318089999027], [-78.5296550002565, 62.704198000178], [-76.121013999572, 62.9509940001795], [-75.4051459998882, 62.9202909999297]], [[-88.6987890003592, 62.5660549999206], [-87.7944923620738, 62.6903565549862]], [[-88.6987890003592, 62.5660549999206], [-89.6894620003354, 62.9878969998618], [-90.7368240001897, 63.3465549998273]], [[-87.7944923620738, 62.6903565549862], [-87.7944920000527, 62.6903559998252]], [[-87.7944923620738, 62.6903565549862], [-86.8901959995712, 62.8141379998197], [-85.6236930000038, 62.7115859999225], [-84.6484010001363, 62.7976920000218], [-83.9270640004089, 63.1430300001884], [-82.9561660001592, 63.29648299982]], [[-69.8692120002939, 62.8474480000254], [-69.775364999867, 62.5244299998616], [-69.7830790002984, 62.1804209998064], [-69.9244369995837, 61.8122549999554]], [[-74.7263859996262, 62.8911570002006], [-74.8514839999922, 62.2801339999896], [-74.7995310000388, 62.2094150001576], [-74.6301459995719, 62.1160689999746]], [[-74.7263859996262, 62.8911570002006], [-73.1140339998016, 62.8218109998685], [-71.1413789998986, 62.0499549998426]], [[-75.4051459998882, 62.9202909999297], [-75.5227730003953, 62.3467659999452], [-75.5614449999645, 62.2796790000179], [-75.6468449998411, 62.2012410001621]], [[-75.4051459998882, 62.9202909999297], [-74.7263859996262, 62.8911570002006]], [[-82.9561660001592, 63.29648299982], [-81.3464990000401, 63.1711420001914], [-80.2464019997096, 63.2653299998564], [-79.1413740003591, 63.473100000032]], [[-79.1413740003591, 63.473100000032], [-78.1369799997826, 63.6767070000198], [-77.624480000066, 63.8391290001402], [-77.0955249996398, 63.9088359999134], [-76.5409360003545, 63.8881479999563]], [[-68.5197009997542, 63.7486090000823], [-68.411449999735, 63.5587620001109], [-67.9499749998592, 63.3128910001644], [-67.5187740003043, 63.1966939998617], [-66.6329839998532, 62.8411860000205], [-66.0564220003091, 62.5602270000202], [-65.39460599958, 62.3344129999448], [-63.2703399998447, 61.7914899999696]], [[-60.912041000009, 63.8081330000212], [-59.8995899997677, 64.6401410000767], [-58.8088680001002, 65.8589610000628], [-58.5990050000675, 67.0721769999898], [-59.7344540000519, 68.1744300001021], [-60.590556999813, 68.5725050001342]], [[-76.5409360003545, 63.8881479999563], [-72.9515340002858, 62.9977860001292], [-69.9244369995837, 61.8122549999554]], [[-76.5409360003545, 63.8881479999563], [-76.5409360003545, 64.1214409999504], [-76.5409360003545, 64.2303429999816]], [[-83.1698860004077, 64.1388470000153], [-83.3132940000872, 64.0429239998852], [-83.3495739998538, 63.8664559999842], [-82.9561660001592, 63.29648299982]], [[-65.7011980002871, 66.1465620001304], [-65.934253999871, 66.1038350000422], [-66.3717539996729, 65.9633110000956], [-66.4794690001148, 65.768739000029], [-66.1872809998984, 65.4369460000367], [-65.4123790003897, 64.9968550000415], [-64.1637469997446, 64.5573659999479], [-60.912041000009, 63.8081330000212]], [[-86.2446399995581, 66.5283060000097], [-86.2446399995581, 66.4285320000901], [-85.8900499999209, 66.3674000000922], [-85.6074819996916, 66.2301469998599], [-85.605089999889, 66.0732969998702], [-85.8497670003487, 65.9565880001155], [-86.1636340001977, 65.8225509998464], [-86.266466000402, 65.6422980000535], [-86.5111930001921, 65.3585000001059], [-86.5664660000608, 65.0724889999022], [-86.9331160000666, 64.6405379999254], [-87.3831159995548, 64.0998649999843], [-87.8831149997601, 63.7112430000231], [-88.1392190000285, 63.2146109998364], [-87.7944923620738, 62.6903565549862]], [[-64.0256619996205, 67.5555430000141], [-60.590556999813, 68.5725050001342]], [[-60.590556999813, 68.5725050001342], [-62.052810999899, 69.236447000055], [-66.4695079996459, 70.9326660001243]], [[-95.8497109999781, 68.6355270001632], [-95.3623579999474, 68.6360249999492], [-94.9998580000602, 68.7540719999357], [-94.9373589996568, 68.930029000157], [-94.8991749999842, 69.1311200000873], [-94.9623580001029, 69.348431000115]], [[-80.183950999885, 68.8236600001305], [-81.2352200001837, 68.775754000126]], [[-80.183950999885, 68.8236600001305], [-79.6023599996151, 67.0926550001483], [-79.3448400002357, 63.6919679999907], [-79.1413740003591, 63.473100000032]], [[-105.553463999586, 68.8548580001519], [-105.053805999862, 69.1176529998552]], [[-94.9623580001029, 69.348431000115], [-94.2998590003818, 69.3924710001091], [-93.9271539996282, 69.3999629999876], [-93.8020079995816, 69.4263180000968], [-93.5271060001031, 69.5366899999068]], [[-94.9623580001029, 69.348431000115], [-95.1123579999323, 69.5153069999428], [-95.2620649998587, 69.5877049999374], [-95.4873580004041, 69.650487000108], [-95.7373580004192, 69.6808930000814], [-96.3998570001402, 69.7934489999034], [-97.1165070003469, 70.0295819999238], [-97.8833039996119, 70.3683620000003], [-98.3480979995781, 70.6988739999199]], [[-81.0815089997285, 69.5635090000988], [-81.8246239997209, 69.372526999939]], [[-81.0815089997285, 69.5635090000988], [-80.3145659999752, 69.1949150000329], [-80.183950999885, 68.8236600001305]], [[-88.5956149998481, 69.9637900001529], [-89.6498619997552, 69.2954629999279], [-89.9315029996968, 69.0213319999658], [-90.0930259995943, 68.8061200001601], [-90.0645099995895, 68.6232680000719], [-89.8249599997649, 68.5346739998928]], [[-88.5956149998481, 69.9637900001529], [-87.3921980003149, 69.8876339998496], [-84.7807739996442, 69.9708650001145], [-83.1227670002881, 69.8807319999141], [-81.2563620004141, 69.6466490001118], [-81.0815089997285, 69.5635090000988]], [[-98.3480979995781, 70.6988739999199], [-99.2482930003448, 69.7413880000781], [-100.882764000018, 69.0866669999598], [-100.883349999824, 68.6675759999776], [-101.269824999785, 68.297288000132], [-102.325096999889, 68.1912700000121], [-103.315184999885, 68.3045820001543], [-104.909958999792, 68.6803609999394], [-105.998630000138, 68.9747640001202], [-106.71860000026, 68.9878120000212], [-107.443502000125, 68.7668610000124], [-108.57899899979, 68.6161299999385], [-111.102142000162, 68.043734999876], [-112.567081999778, 67.9421879999115], [-113.193058000059, 68.1251810001405], [-113.921720000055, 68.0986050001128], [-114.546816999728, 67.9923220000551], [-115.096524000397, 67.8252710001552]], [[-66.4695079996459, 70.9326660001243], [-68.2036370000964, 70.4240950000538], [-68.3712640002473, 70.3329950000722], [-68.5123770002085, 70.3262889998654], [-68.5820059999889, 70.3563170001062], [-68.6183340003344, 70.4154380000002], [-68.6012440003134, 70.476347000075]], [[-66.4695079996459, 70.9326660001243], [-75.8998719998685, 73.9141779998894], [-77.3770190001666, 74.1578630001009], [-79.0498700002293, 74.2161670001032]], [[-88.7125090002363, 74.0584420001227], [-89.0667080000612, 73.8262090000748], [-90.1666100003981, 73.2788719999145], [-90.9666090002622, 72.5543540000333], [-91.7465890000022, 71.5170810000363], [-90.3659749996614, 70.5967270000969], [-88.5956149998481, 69.9637900001529]], [[-88.7125090002363, 74.0584420001227], [-89.6482020002468, 74.196245999959], [-91.4070389999919, 74.3458320000622], [-93.3908260001508, 74.4361970000918], [-94.9742729998082, 74.371701000056]], [[-83.5494760003159, 74.1069710000474], [-83.7999149998239, 73.8447640000102], [-84.4333129995591, 73.5989309999775], [-85.2481079995509, 73.4407729998754], [-85.4092399996362, 73.2914829999362], [-85.3009879997921, 73.1319050000921], [-85.1480100003542, 73.037571000002]], [[-83.5494760003159, 74.1069710000474], [-86.3498650002882, 74.14796899995], [-88.7125090002363, 74.0584420001227]], [[-81.3499660002685, 74.1343859999883], [-83.5494760003159, 74.1069710000474]], [[-81.3499660002685, 74.1343859999883], [-81.1998679996314, 73.7400950001247], [-81.1248679997167, 73.5995100000688], [-81.0247710003449, 73.500397000028], [-81.0439600002656, 73.3162420000495], [-80.9824860000592, 73.2786050000142], [-80.8702299996863, 73.2539879999643], [-80.3892239995831, 73.1799119999956], [-80.3598299996943, 73.0089430001281], [-80.1647129995606, 72.8291979998724], [-79.534439999747, 72.6519919998967], [-78.9380530002476, 72.643414999868], [-78.2085130003673, 72.7000750000497], [-77.9585130003522, 72.7000750000497]], [[-79.0498700002293, 74.2161670001032], [-81.3499660002685, 74.1343859999883]], [[-79.0498700002293, 74.2161670001032], [-78.7160319999369, 74.9739190001135], [-78.9859539999917, 75.5398560000302], [-79.5720369997887, 75.6916749999287], [-80.1667639997796, 75.7726030000346], [-81.1844389998421, 75.9573539999733], [-82.2562639996669, 76.1704709999759], [-82.8587539995947, 76.4108179999434]], [[-94.9742729998082, 74.371701000056], [-95.646049000283, 74.2733370000193], [-96.1937049998349, 74.0495879999523], [-96.3418009997584, 73.6987279998989], [-96.2938029999299, 73.3173500000486], [-96.1258829998761, 73.0745839998802], [-96.2218300000275, 72.8142290000665], [-95.842143000035, 72.4574790000435], [-95.8619670001654, 72.230658999914], [-95.9043500003603, 71.8378390001317], [-97.0296420000572, 71.3659180000354], [-98.3480979995781, 70.6988739999199]], [[-94.8296929996186, 74.6973420000724], [-95.0021050000978, 74.6170079999726], [-95.0481010001111, 74.5024420000032], [-94.9742729998082, 74.371701000056]]]}, "properties": {"OBJECTID": 311, "cable_id": 1815, "Name": "Ivaluk Network", "color": "#b3b5b7", "length": "8,000 km", "rfs": "Q4 2016", "owners": "Nuvitik,  Inc.", "url": "http://www.nuvitik.ca", "Symbol": 1, "year": 2016}}, {"type": "Feature", "id": 312, "geometry": {"type": "LineString", "coordinates": [[24.9324780002291, 60.171162999996], [24.4417559998793, 59.7331610001325], [21.1781839999438, 59.0952349999534], [20.3333609996783, 57.4285939999977], [18.5833620002958, 55.9366410001758], [15.6242820004446, 54.7666350000602], [13.6227209996511, 54.7666350000602], [12.7214520000802, 54.6300380001278], [12.3099290001675, 54.5350999998383], [12.1598310004288, 54.3346839997513], [12.1324879998607, 54.0791799998115]]}, "properties": {"OBJECTID": 312, "cable_id": 1816, "Name": "Sea Lion", "color": "#b3b5b7", "length": "1,172 km", "rfs": "Q1 2016", "owners": "Cinia Group Oy", "url": "http://cinia.eu/en/c-lion", "Symbol": 1, "year": 2016}}, {"type": "Feature", "id": 313, "geometry": {"type": "LineString", "coordinates": [[118.577236000055, -20.3134460003256], [118.577236000055, -18.7538710000668], [125.733384000044, -12.4674790001702], [130.843145999911, -12.4674790001702]]}, "properties": {"OBJECTID": 313, "cable_id": 1817, "Name": "Nextgen Darwin-Port Hedland", "color": "#9ea0a2", "length": "2,000 km", "rfs": "2016", "owners": "Nextgen Networks", "url": "http://www.nextgengroup.com.au", "Symbol": 0, "year": 2016}}, {"type": "Feature", "id": 314, "geometry": {"type": "MultiLineString", "coordinates": [[[148.56676599979, -43.7583500001332], [147.756806000355, -43.3771090000826], [147.583074999951, -43.2289320000678], [147.530927000003, -43.1011470001366], [147.331610000421, -42.8793500003282]], [[148.56676599979, -43.7583500001332], [148.066375999772, -44.3120599998691], [145.749872999602, -44.4551339998599], [143.341477000038, -42.8814249997661], [141.332786999693, -40.2953429997415]], [[141.332786999693, -40.2953429997415], [143.74303900038, -39.2815059998945], [144.664034000172, -38.305904999999], [144.862472000046, -38.1807339997573], [144.967158999753, -38.0147350003406], [144.967158999753, -37.8175070002333]], [[141.332786999693, -40.2953429997415], [134.850858000036, -36.6763590003192]], [[134.850858000036, -36.6763590003192], [135.640603000426, -35.9329769997513], [136.697145000051, -35.5041180002031], [137.35319999976, -35.3999859997312], [137.827319999986, -35.3040879998233], [138.599878000271, -34.9260850002971]], [[134.850858000036, -36.6763590003192], [127.092562000426, -36.0168289997071], [119.550184999626, -36.0792050002741], [115.446769999747, -35.9172400001029], [114.053216000402, -34.6112999997975], [114.053216000402, -33.0618290002196], [115.857316000041, -31.9534390003597]], [[151.206997999645, -33.8695549997523], [151.573794999964, -34.826982000108], [150.499968000324, -37.9424540001975], [149.906510999854, -41.0138270002451], [149.206121000363, -43.0433639997566], [148.56676599979, -43.7583500001332]]]}, "properties": {"OBJECTID": 314, "cable_id": 1818, "Name": "APX-Central", "color": "#9ea0a2", "length": "4,800 km", "rfs": "Q3 2016", "owners": "SubPartners", "url": "http://www.subpartners.net", "Symbol": 0, "year": 2016}}, {"type": "Feature", "id": 315, "geometry": {"type": "LineString", "coordinates": [[1.59060000039722, 52.1578430002721], [1.84060000041235, 52.1578430002721], [3.24616600044522, 51.7190980002672], [3.49616599956202, 51.563952999919]]}, "properties": {"OBJECTID": 315, "cable_id": 1819, "Name": "Farland North", "color": "#0982c5", "length": "150 km", "rfs": "1989", "owners": "BT", "url": null, "Symbol": 13, "year": 1989}}, {"type": "Feature", "id": 316, "geometry": {"type": "LineString", "coordinates": [[3.4235089999444, 6.43906899965545], [4.7576879998808, 2.72507800006874], [8.82672799972396, 2.72507800006874], [9.91022299993004, 2.93312499966437]]}, "properties": {"OBJECTID": 316, "cable_id": 1821, "Name": "Nigeria Cameroon Submarine Cable System (NCSCS)", "color": "#9ea0a2", "length": "1,100 km", "rfs": "September 2015", "owners": "Camtel", "url": null, "Symbol": 0, "year": 2015}}, {"type": "Feature", "id": 317, "geometry": {"type": "LineString", "coordinates": [[36.4773919999404, 45.3569820000594], [36.5328609996277, 45.3014049998641], [36.6312980003893, 45.3025039997448], [36.6594229996836, 45.3892590001276], [36.7000479995625, 45.4298449997698], [36.7708489998531, 45.4236089999754]]}, "properties": {"OBJECTID": 317, "cable_id": 1822, "Name": "Kerch Strait Cable", "color": "#f04230", "length": "46 km", "rfs": "April 2014", "owners": "Rostelecom", "url": null, "Symbol": 6, "year": 2014}}, {"type": "Feature", "id": 318, "geometry": {"type": "MultiLineString", "coordinates": [[[124.839634000012, 1.49078299957196], [124.839634000012, 1.98205899961428], [125.399692000239, 2.51328800016035], [131.041875999863, 4.22549199978752], [135.609256000227, 10.0385049995912], [144.694697999582, 13.4647779998981], [146.157782999697, 12.8599089998497], [151.588833999766, 12.8701920000728], [179.999947000393, 17.2334530003715]], [[125.612876000012, 7.07998899960894], [126.075863999982, 5.90157799997461], [127.663752999836, 3.68430600016743]], [[-118.399450999792, 33.8624759997518], [-139.250217999889, 26.9167709999219], [-147.027800000402, 26.9167709999219], [-158.000008999886, 21.4392699997202], [-161.169977999792, 20.0517300002436], [-179.999944999845, 17.2193689998285]]]}, "properties": {"OBJECTID": 318, "cable_id": 1823, "Name": "SEA-US", "color": "#9ea0a2", "length": "15,000 km", "rfs": "Q4 2016", "owners": "RAM Telecom International,  Globe Telecom,  Hawaiian Telcom,  Telkom Indonesia,  GTA TeleGuam", "url": null, "Symbol": 0, "year": 2016}}, {"type": "Feature", "id": 319, "geometry": {"type": "LineString", "coordinates": [[151.283365999888, 59.583340999856], [150.946939999975, 59.1035350001236], [142.942452999987, 53.577540999787], [156.28707299972, 52.8124070001418]]}, "properties": {"OBJECTID": 319, "cable_id": 1825, "Name": "Far East Submarine Cable System", "color": "#9ea0a2", "length": "2,000 km", "rfs": "September 2015", "owners": "Rostelecom", "url": null, "Symbol": 0, "year": 2015}}, {"type": "Feature", "id": 320, "geometry": {"type": "LineString", "coordinates": [[-6.30817300003702, 49.919912999944], [-5.65451199978031, 50.0431510002542]]}, "properties": {"OBJECTID": 320, "cable_id": 1826, "Name": "Isles of Scilly Cable", "color": "#895c3c", "length": "939 km", "rfs": "2014", "owners": "BT", "url": null, "Symbol": 8, "year": 2014}}, {"type": "Feature", "id": 321, "geometry": {"type": "MultiLineString", "coordinates": [[[-5.53341799994308, 55.4765490000248], [-5.33210000036998, 55.5019450000836]], [[-6.12540999999978, 55.6361190000046], [-5.69757799986562, 55.5654999999023]], [[-5.14142600025784, 55.643559999869], [-4.8893750000237, 55.6930459998403]], [[-5.02809600018238, 55.7518419998738], [-4.9438679999177, 55.7427719999336]], [[-4.8673049996806, 55.7933410000288], [-4.90045899970072, 55.7801630001802]], [[-6.08991199985766, 55.8467500001647], [-6.10631800016349, 55.8477360001146]], [[-5.01999099993876, 55.8694129998275], [-5.0635940003245, 55.8585900001474]], [[-5.61456999979166, 55.8916799998121], [-5.85822200005432, 55.8336719999694], [-5.9538279997239, 55.8336719999694]], [[-5.36579099979223, 56.0194199998192], [-5.3212109997883, 56.0082840002358]], [[-5.66935499976375, 56.4558449999589], [-5.47580099995241, 56.4377640000084]], [[-6.808515000374, 56.5037879999885], [-6.71593699964331, 56.4660969997967], [-6.35617099986549, 56.5821239999817], [-6.27238199999195, 56.5821239999817]], [[-6.09396400006701, 56.6885719997611], [-6.07028299972094, 56.6218490000987]], [[-5.2453809996702, 56.7225319999278], [-5.23366199978344, 56.7215679998099]], [[-5.90646500010516, 57.0592060002274], [-5.820429000194, 57.0084849998921]], [[-7.32814299981771, 57.1055350000374], [-7.31217599990303, 57.0815290001343], [-7.30221600015726, 57.0736199998173], [-7.33117099965494, 57.0252839999304], [-7.44948100005241, 57.0252839999304]], [[-7.27413899964524, 57.3666889998396], [-7.03820199963888, 57.3666889998396], [-6.79298699995214, 57.5448329999758], [-6.69288999968206, 57.5448329999758], [-6.58165900040455, 57.4363219998729]], [[-7.00836800043233, 57.7694050000054], [-6.91461800008979, 57.6789540000276], [-7.02233299963348, 57.5856859997713], [-7.16334799968545, 57.5993729998696]], [[-6.3107609996582, 58.209067999974], [-6.11906200024731, 58.1363760000039], [-5.47506799983341, 57.9769549999386], [-5.19621100022992, 57.9340789997661]], [[-2.93952299968454, 59.2797680001646], [-2.95915199982126, 59.3504589999229]]]}, "properties": {"OBJECTID": 321, "cable_id": 1827, "Name": "BT Highlands and Islands Submarine Cable System", "color": "#548f51", "length": "402 km", "rfs": "December 2014", "owners": "BT", "url": null, "Symbol": 12, "year": 2014}}, {"type": "Feature", "id": 322, "geometry": {"type": "LineString", "coordinates": [[103.850683999882, 2.29570699985265], [105.025000000327, 2.2430139997066], [109.637497000098, 2.35542299962132], [110.253608999994, 2.02041400036512], [110.353707000089, 1.52016700016168], [110.453805000184, 2.02041400036512], [111.337495000012, 3.06712099959812], [112.567865999951, 3.19700400027016], [113.068353999878, 3.19700400027016], [113.068353999878, 3.69658499968194], [113.506926999557, 4.42531200023577], [114.007415000383, 4.42531200023577], [114.007415000383, 4.92413300032991], [115.574016000416, 5.98132299957271], [116.074307999626, 5.98132299957271], [115.574016000416, 6.08086700006623], [108.050095000316, 5.09515699977363], [104.100000000182, 4.43913799967844], [103.395216000175, 4.11631000015129]]}, "properties": {"OBJECTID": 322, "cable_id": 1828, "Name": "Sistem Kabel Rakyat 1Malaysia (SKR1M)", "color": "#b3b5b7", "length": "3,700 km", "rfs": "Mid-2017", "owners": "Telekom Malaysia", "url": "http://www.tm.com.my", "Symbol": 1, "year": 2017}}, {"type": "Feature", "id": 323, "geometry": {"type": "LineString", "coordinates": [[-61.5548140004072, 16.2430129998832], [-61.5263960003117, 15.9887650002545], [-61.6077919996594, 15.8927980000654], [-61.7159459995942, 16.0289409999091], [-61.8809370004434, 15.8809639999328], [-63.1640899998158, 17.2606869999745], [-62.8333770003433, 17.9000599999994], [-63.0500760000252, 18.0928749998291], [-64.1459250003277, 18.2269589997172], [-64.6402610003207, 18.1350139996506], [-64.8192650000516, 17.773909999653], [-65.3096450000946, 18.2269589997172], [-65.7618909997955, 18.5676879999856], [-66.1066660003502, 18.4661050003949]]}, "properties": {"OBJECTID": 323, "cable_id": 1829, "Name": "Global Caribbean Network (GCN)", "color": "#b2703f", "length": "n.a.", "rfs": "September 2006", "owners": "Leucadia National Corporation,  Loret Group", "url": "http://www.globalcaribbean.net", "Symbol": 4, "year": 2006}}, {"type": "Feature", "id": 324, "geometry": {"type": "LineString", "coordinates": [[-73.1552939998902, -41.8069399996935], [-73.252657000051, -41.8724200003164], [-73.5044639998876, -41.9911309997904]]}, "properties": {"OBJECTID": 324, "cable_id": 1830, "Name": "Segunda FOS Canal de Chacao", "color": "#f04230", "length": "40 km", "rfs": "January 2015", "owners": "Gtd Teleductos S.A.", "url": "http://www.telsur.cl/empresas/", "Symbol": 6, "year": 2015}}, {"type": "Feature", "id": 325, "geometry": {"type": "LineString", "coordinates": [[103.962597999948, 1.1347250003427], [103.878126000184, 1.1347250003427], [103.894923000302, 1.05173200038504], [104.030665000129, 0.95457899977037], [103.942285999921, 0.305402999674041], [104.004102000434, -0.4609960002152], [103.740430000222, -0.991029000419566], [103.609962000445, -1.589994999878]]}, "properties": {"OBJECTID": 325, "cable_id": 1832, "Name": "Jambi-Batam Cable System (JIBA)", "color": "#8dc851", "length": "420 km", "rfs": "2014", "owners": "Moratelindo", "url": "http://www.moratelindo.co.id", "Symbol": 11, "year": 2014}}, {"type": "Feature", "id": 326, "geometry": {"type": "LineString", "coordinates": [[106.827831000271, -6.17187800005098], [106.617967000413, -5.24253399980148], [106.54745999985, -3.07992499974638], [105.582714000433, -1.55387600029153], [104.574609999954, 0.580980999846405], [104.284570999865, 0.642500000397237], [104.017090000017, 0.885447000026215], [103.835937999983, 0.962292999675443], [103.808203999602, 1.0116989999976], [103.878126000184, 1.1347250003427], [103.962597999948, 1.1347250003427], [103.853028000004, 1.29406399962885]]}, "properties": {"OBJECTID": 326, "cable_id": 1833, "Name": "Jakarta-Bangka-Bintan-Batam-Singapore (B3JS)", "color": "#38bced", "length": "1,031 km", "rfs": "November 2012", "owners": "Moratelindo", "url": "http://www.moratelindo.co.id", "Symbol": 9, "year": 2012}}, {"type": "Feature", "id": 327, "geometry": {"type": "LineString", "coordinates": [[-4.65993200025798, 55.5413340000873], [-4.87785199995551, 55.405641999982], [-5.41286100040632, 54.8074040001048], [-5.71872099992096, 54.7537029998465]]}, "properties": {"OBJECTID": 327, "cable_id": 1834, "Name": "Lanis-3", "color": "#38bced", "length": "122 km", "rfs": "1992", "owners": "Vodafone", "url": null, "Symbol": 9, "year": 1992}}, {"type": "Feature", "id": 328, "geometry": {"type": "LineString", "coordinates": [[-4.16950299981113, 51.5580949997265], [-3.68249200008711, 51.3831129999975], [-3.01086100027554, 51.2936450000443]]}, "properties": {"OBJECTID": 328, "cable_id": 1835, "Name": "Swansea-Brean", "color": "#4fc1af", "length": "97 km", "rfs": "1993", "owners": "Vodafone", "url": null, "Symbol": 10, "year": 1993}}, {"type": "Feature", "id": 329, "geometry": {"type": "LineString", "coordinates": [[-2.71715999996542, 58.9431730001236], [-2.71715999996542, 58.8832950000352], [-2.88688699984082, 58.8687830001197], [-3.03151499971099, 58.8602749999638], [-3.08927900001479, 58.8151229998361], [-3.13180799979967, 58.7278109998648], [-3.37658399999357, 58.7088210000405], [-3.37658399999357, 58.6703279998068]]}, "properties": {"OBJECTID": 329, "cable_id": 1836, "Name": "Northern Lights", "color": "#895c3c", "length": "67 km", "rfs": "2008", "owners": "BT", "url": null, "Symbol": 8, "year": 2008}}, {"type": "Feature", "id": 330, "geometry": {"type": "MultiLineString", "coordinates": [[[123.28143199995, 9.2955029998599], [123.425084000027, 8.99796800029693], [123.950084000328, 8.74401200020328], [123.950084000328, 8.34806800025371], [123.849986000233, 8.14994400009178], [124.050182000423, 8.34806800025371], [124.231528999553, 8.75105800014611], [124.531822000013, 8.75105800014611], [124.631920000108, 8.45414399957876], [124.631920000108, 8.75105800014611], [124.49695900008, 9.13828200023891], [124.637584000145, 9.33337600022424], [125.29158699981, 9.20355000004466], [125.540610000207, 8.94761499974028], [125.341685000261, 9.25299899960055], [124.691685000402, 10.1236930000016], [124.570883999569, 10.4148510000276], [124.720884000297, 10.771172000227], [124.612778999868, 11.0068890003647], [124.622838000246, 10.8030210003259], [124.508189000246, 10.805131000003], [124.305356999856, 10.7814369998333], [124.201450999949, 10.5447749998355], [124.094615000114, 10.3099490003519], [123.894614999742, 10.3099490003519], [124.058384999678, 10.3739320000997], [124.135727999889, 10.5663759998134], [124.190415999777, 10.9320129997531], [124.153013999729, 11.2167459996636], [124.045787000082, 11.277087999779], [123.922252000038, 11.2273790003404], [123.869420000376, 11.1238140003188], [123.702623000429, 11.0371789996853], [123.372057000371, 11.020692000164], [123.299987000384, 10.9500379997169]], [[120.695692000164, 14.3175900000936], [120.495789999702, 14.3175900000936], [120.406238999881, 14.0053080004177], [120.472254999844, 13.7943859996778], [121.008288999593, 13.5851719996962], [121.175281000433, 13.5937149996467], [121.464538999823, 13.4353349999522], [121.464538999823, 13.0457790001826], [121.913561999693, 13.0457790001826], [121.913561999693, 12.7680180002398], [121.697643999811, 12.5761299999948], [121.697643999811, 12.236019999875], [121.997057999663, 12.0297940002341], [122.64989000044, 11.8772189999951], [122.749986999812, 11.5831980004266], [123.161607999634, 11.7418649999819], [123.447252000279, 11.9653159997928], [123.64617800005, 12.3667370003715], [123.460435999681, 12.6694240002216], [123.743737000029, 13.138993999828], [124.207505999798, 13.119118000271], [124.317368999645, 12.9778429998671], [124.198716999839, 12.6179690002082], [124.157018000258, 12.3964020000727], [124.361314000338, 12.069906000152], [124.600279000181, 12.069906000152]]]}, "properties": {"OBJECTID": 330, "cable_id": 1839, "Name": "PLDT Domestic Fiber Optic Network (DFON)", "color": "#6c70b5", "length": "11,100 km", "rfs": "1997", "owners": "PLDT", "url": "http://www.pldt.com.ph", "Symbol": 7, "year": 1997}}, {"type": "Feature", "id": 331, "geometry": {"type": "LineString", "coordinates": [[-135.313892000036, 59.4583430000234], [-135.385084000139, 59.3004150001033], [-135.444995999847, 59.2358380000789], [-135.349975999984, 59.0826179998022], [-135.251539000121, 58.9614060000654], [-135.201685000067, 58.8088270000724], [-135.070289000177, 58.6845170000881], [-135.023902000351, 58.592017999794], [-134.915651000332, 58.4826339998515], [-134.801393000144, 58.4265609997693], [-134.729956999644, 58.369554000029], [-134.704127000068, 58.3666610000108], [-134.605005999591, 58.3837119998499], [-134.513893000172, 58.3700410001819], [-134.400806999595, 58.2995769999468]]}, "properties": {"OBJECTID": 331, "cable_id": 1840, "Name": "Lynn Canal Fiber", "color": "#9ea0a2", "length": "138 km", "rfs": "October 2015", "owners": "Alaska Power & Telephone Company (AP&T)", "url": "http://www.aptalaska.com", "Symbol": 0, "year": 2015}}, {"type": "Feature", "id": 332, "geometry": {"type": "MultiLineString", "coordinates": [[[9.76823100025989, 1.86015500013983], [9.25094700003985, 3.00275800016159]], [[9.25094700003985, 3.00275800016159], [9.91022299993004, 2.93312499966437]], [[9.25094700003985, 3.00275800016159], [9.0528020000689, 3.80952600017318], [8.83229499967683, 3.80952600017318], [8.78229500003313, 3.75086499994362]]]}, "properties": {"OBJECTID": 332, "cable_id": 1842, "Name": "Ceiba-2", "color": "#9ea0a2", "length": "290 km", "rfs": "Q4 2016", "owners": "Ministerio de Transportes,  Tecnologia,  Correos y Telecomunicaciones", "url": null, "Symbol": 0, "year": 2016}}, {"type": "Feature", "id": 333, "geometry": {"type": "LineString", "coordinates": [[-81.7005509995519, 12.5847080002463], [-75.5586609996265, 9.49638399994144]]}, "properties": {"OBJECTID": 333, "cable_id": 1843, "Name": "San Andrés-Tolú", "color": "#b2703f", "length": "826 km", "rfs": "December 2010", "owners": "Ministerio de Tecnologías de la Información y Comunicaciones", "url": null, "Symbol": 4, "year": 2010}}, {"type": "Feature", "id": 334, "geometry": {"type": "MultiLineString", "coordinates": [[[107.662888999886, -2.76744199986007], [107.662888999886, -2.51770799984063], [107.760544999949, -2.23796899958873], [108.643746999881, -0.475156000252411], [109.33554400013, -0.0270170000520053], [108.785152999745, -0.0274069999953432], [104.687499999813, 0.699821000310892], [104.333593999891, 0.764072999656985], [104.278125000204, 0.888864999712082], [104.103125000103, 0.974790999651351], [103.916211999947, 1.05583299988893], [103.900000999635, 1.1347250003427], [103.962597999948, 1.1347250003427], [103.884376000027, 1.15913399976934], [102.979297999921, 1.15640000007025], [102.251369000044, 1.68211499999087], [101.897756000025, 1.66561800009517], [101.447658999554, 1.66552099968763]], [[104.185352000378, -2.56678100015753], [104.757323999587, -2.99098700033218], [103.83896599982, -5.04032400008551], [105.254100999786, -5.40929099968885], [105.410156000364, -5.855271000233], [105.880272999885, -5.86819100034856], [106.376171000376, -5.62420900000493], [106.833397000398, -6.17158700020941], [106.827831000271, -5.62420900000493], [107.028025999737, -5.62420900000493], [107.120993999557, -5.98115899981518], [107.262498000229, -2.56746400023753], [107.462692999696, -2.56746400023753], [107.662888999886, -2.76744199986007]], [[104.185352000378, -2.56678100015753], [104.783301000374, -2.03937800039255], [105.26669900028, -1.88946600011707], [106.163084999614, -1.96364299998855], [107.541307000152, -2.39379900028074], [107.662888999886, -2.76744199986007]], [[101.450001999851, 0.533326999735396], [103.609962000445, -1.589994999878], [103.609962000445, -2.13999400016452], [104.185352000378, -2.56678100015753]], [[101.450001999851, 0.533326999735396], [100.361624000306, -0.943867999917122], [98.7866250001251, 1.74780800015384], [98.6759809995801, 3.75203399974194], [99.2082070004161, 3.38058800016886], [99.8278359998704, 2.10512500037778], [101.436721000365, 3.00929199959647], [101.279689999995, 2.17733999989506], [101.266115999707, 1.88670300038576], [101.447658999554, 1.66552099968763]], [[101.447658999554, 1.66552099968763], [101.450001999851, 0.533326999735396]]]}, "properties": {"OBJECTID": 334, "cable_id": 1844, "Name": "JASUKA", "color": "#bd75b1", "length": "10,860 km", "rfs": "2006", "owners": "Telkom Indonesia", "url": null, "Symbol": 3, "year": 2006}}, {"type": "Feature", "id": 335, "geometry": {"type": "LineString", "coordinates": [[115.857316000041, -31.9534390003597], [111.423725999917, -32.5357330003286], [72.4166239995692, -7.33337199970991], [54.2471059997418, 11.6593389997628], [53.3664429999258, 12.3193239996719], [52.414295000104, 12.582896999704], [45.2406670001073, 10.7377839997634], [43.8377380000994, 10.9062189996405], [43.4625429996339, 11.5091420002548], [43.1479929998946, 11.5948690002068]]}, "properties": {"OBJECTID": 335, "cable_id": 1845, "Name": "Australia West Express (AWE)", "color": "#b3b5b7", "length": "10,055 km", "rfs": "Q1 2017", "owners": "GoTo Networks", "url": "http://www.australiawestexpress.net", "Symbol": 1, "year": 2017}}, {"type": "Feature", "id": 336, "geometry": {"type": "LineString", "coordinates": [[4.39665300040677, 52.2051770000763], [2.96139999968378, 52.1279969999464], [2.14714299981728, 51.5376589999104], [1.43327600012378, 50.8929570001733], [0.291676000030372, 50.0924829999912], [-2.76657399980317, 49.9103549997991], [-4.8249220003839, 49.5224150001583], [-6.41242100025067, 49.5224150001583], [-8.12491999967585, 51.7161029998577], [-8.47272200024286, 51.8986059999923]]}, "properties": {"OBJECTID": 336, "cable_id": 1846, "Name": "COAM", "color": "#9ea0a2", "length": "1,200 km", "rfs": "December 2016", "owners": "PiPiper", "url": "http://www.pipiper.com", "Symbol": 0, "year": 2016}}, {"type": "Feature", "id": 337, "geometry": {"type": "MultiLineString", "coordinates": [[[-4.73136799985997, 46.3120630000015], [-2.94919100025059, 43.2742189998]], [[-1.55305000021115, 47.2181059998581], [-4.73136799985997, 46.3120630000015]], [[-8.47272200024286, 51.8986059999923], [-8.23624799993607, 51.6840249999151], [-6.62521400021139, 49.3652319999876], [-4.73136799985997, 46.3120630000015]]]}, "properties": {"OBJECTID": 337, "cable_id": 1848, "Name": "COPA/COMA", "color": "#9ea0a2", "length": "n.a.", "rfs": "Q1 2017", "owners": "PiPiper", "url": "http://www.pipiper.com", "Symbol": 0, "year": 2017}}, {"type": "Feature", "id": 338, "geometry": {"type": "MultiLineString", "coordinates": [[[62.5418269998113, 24.1901579997523], [58.9965169998499, 24.7229860000471], [58.0044279998644, 23.6796019997421]], [[67.0285420003993, 24.8897280000177], [62.5418269998113, 24.1901579997523]], [[62.3250300002201, 25.1323029997022], [62.5418269998113, 24.1901579997523]]]}, "properties": {"OBJECTID": 338, "cable_id": 1849, "Name": "Silk Road Gateway-1 (SRG-1)", "color": "#b3b5b7", "length": "n.a.", "rfs": "Q1 2017", "owners": "n.a.", "url": null, "Symbol": 1, "year": 2017}}, {"type": "Feature", "id": 339, "geometry": {"type": "MultiLineString", "coordinates": [[[49.1879300002229, 11.2755560004316], [49.1879300002229, 13.2061249997995]], [[49.1879300002229, 13.2061249997995], [46.2641040001163, 12.4196729996904], [45.0108820000348, 10.926450999771], [45.0108820000348, 10.4351159995727]], [[54.1480830000726, 17.095826000165], [54.1480830000726, 16.6173109996017], [51.355214000363, 14.1368829998533], [49.1879300002229, 13.2061249997995]]]}, "properties": {"OBJECTID": 339, "cable_id": 1850, "Name": "Gulf2Africa (G2A)", "color": "#b3b5b7", "length": "n.a.", "rfs": "Q4 2016", "owners": "n.a.", "url": null, "Symbol": 1, "year": 2016}}, {"type": "Feature", "id": 340, "geometry": {"type": "MultiLineString", "coordinates": [[[124.565904000146, 2.76087700029839], [124.538462999668, 1.94009100029664], [124.839634000012, 1.49078299957196]], [[124.565904000146, 2.76087700029839], [130.93015699979, 4.60843299972045], [135.291189000031, 10.277280999825], [144.645968000358, 13.4191870002978]], [[123.000377999639, 3.05288299977306], [124.565904000146, 2.76087700029839]], [[123.000377999639, 3.05288299977306], [123.671373000314, 6.80370899988617], [123.930748000094, 7.16293800020609], [124.312389000222, 7.23405199990859]], [[117.891201999578, 4.24467799991399], [118.678505999762, 2.71571399983216], [119.321083000342, 2.11595799986131], [119.504872000401, 1.13062399991844], [119.408095000046, 0.448564000293355], [118.262783000401, -0.415880000417295], [117.153800000027, -0.502204999725096]], [[117.891201999578, 4.24467799991399], [123.000377999639, 3.05288299977306]], [[114.885636999992, 4.92676000037032], [114.885832999811, 5.32477100027458], [115.574016000416, 5.88176199967997], [116.074307999626, 5.98132299957271], [117.79081099958, 5.7349609996471], [117.891201999578, 4.24467799991399]]]}, "properties": {"OBJECTID": 340, "cable_id": 1851, "Name": "BEST Cable", "color": "#9ea0a2", "length": "5,092 km", "rfs": "Q4 2016", "owners": "BEST Cable Corporation", "url": "http://www.bestcablecorp.com", "Symbol": 0, "year": 2016}}, {"type": "Feature", "id": 341, "geometry": {"type": "LineString", "coordinates": [[-6.42887600006201, 36.7312970001022], [-11.4741850002891, 34.048862999911], [-15.6054809999631, 29.0978299997828], [-15.8243770003522, 28.2601889996869], [-15.6999629997014, 27.9997590000102]]}, "properties": {"OBJECTID": 341, "cable_id": 1852, "Name": "Pencan-7", "color": "#91a34b", "length": "1,400 km", "rfs": "October 2011", "owners": "Telefonica", "url": null, "Symbol": 2, "year": 2011}}, {"type": "Feature", "id": 342, "geometry": {"type": "MultiLineString", "coordinates": [[[99.5500039995657, 5.65936000005892], [100.362990999911, 5.35384299957042]], [[100.066116999999, 6.61351700022683], [100.103714000041, 6.33454599978087], [100.066995999708, 6.13922500012963], [99.8985390002517, 5.95636199976851], [99.5500039995657, 5.65936000005892]], [[96.2482479999577, 16.7587480001535], [97.1754940003161, 8.97665100021627], [98.4433640003874, 6.31969599989323], [99.5500039995657, 5.65936000005892]]]}, "properties": {"OBJECTID": 342, "cable_id": 1854, "Name": "Myanmar-Malaysia-Thailand Interconnect Cable (MYTHIC)", "color": "#9ea0a2", "length": "1,603 km", "rfs": "Q3 2016", "owners": "n.a.", "url": null, "Symbol": 0, "year": 2016}}, {"type": "Feature", "id": 343, "geometry": {"type": "LineString", "coordinates": [[-38.5429650003327, -3.71873699985809], [-34.0159169999438, -2.93910399956937], [-10.1684729999537, 2.52528799971235], [4.61725799980983, 2.52528799971235], [8.82672799972396, 2.52528799971235], [9.91022299993004, 2.93312499966437]]}, "properties": {"OBJECTID": 343, "cable_id": 1856, "Name": "Cameroon-Brazil Cable System (CBCS)", "color": "#9ea0a2", "length": "5,900 km", "rfs": "Q4 2017", "owners": "Camtel,  China Unicom", "url": null, "Symbol": 0, "year": 2017}}]}